address_id,street_number,street_name,street_suffix,city,state,zipcode,address_type_id
1,8,Buhler,Park,Memphis,TN,42216,2
2,03628,Laurel,Place,Tacoma,WA,37401,2
3,98310,East,Terrace,Newark,DE,74991,1
4,9883,4th,Pass,Pensacola,FL,58170,2
5,4786,Carpenter,Road,Los Angeles,CA,92373,1
6,9,Fairview,Place,Saint Louis,MO,97577,1
7,6,New Castle,Hill,North Hollywood,CA,77458,3
8,2704,Springview,Crossing,Lansing,MI,24782,1
9,8,Alpine,Street,Portsmouth,NH,69220,1
10,6438,Anhalt,Trail,Sacramento,CA,38501,1
11,546,Clyde Gallagher,Terrace,San Antonio,TX,36318,2
12,489,Grayhawk,Pass,Topeka,KS,97761,2
13,2,Sachs,Street,Evansville,IN,87248,1
14,8638,Tomscot,Park,Scottsdale,AZ,72046,1
15,9,Hooker,Alley,Portland,OR,57357,1
16,14,Rusk,Way,Hartford,CT,54806,2
17,0671,Tony,Junction,Anchorage,AK,40853,2
18,4971,Ridge Oak,Crossing,San Antonio,TX,60948,3
19,5,Dayton,Point,Charlotte,NC,60899,2
20,13,Carey,Center,Salt Lake City,UT,40552,1
21,0830,Sycamore,Street,Kansas City,MO,74801,3
22,95377,Blaine,Crossing,Jersey City,NJ,35991,2
23,7,Melrose,Court,New York City,NY,87690,1
24,9185,Crowley,Court,Greensboro,NC,76905,1
25,88,Lotheville,Plaza,Lexington,KY,37553,3
26,1,Eastlawn,Street,Spokane,WA,99657,2
27,80,Larry,Avenue,San Diego,CA,15634,3
28,3923,Gina,Place,New Bedford,MA,95674,3
29,16528,Hanover,Street,Corona,CA,22962,2
30,3,Schlimgen,Crossing,North Hollywood,CA,50223,2
31,4,Park Meadow,Court,Albuquerque,NM,74664,3
32,7,North,Terrace,New Orleans,LA,16144,1
33,930,Delaware,Plaza,Minneapolis,MN,74022,3
34,2410,Continental,Parkway,Omaha,NE,77841,3
35,386,Onsgard,Way,Indianapolis,IN,25400,1
36,93,Hoffman,Court,Round Rock,TX,19138,2
37,3574,Lindbergh,Pass,Dayton,OH,48206,2
38,03478,Myrtle,Hill,North Little Rock,AR,61815,1
39,5,Forest Dale,Drive,Topeka,KS,25594,2
40,779,Duke,Trail,Austin,TX,31022,2
41,7894,Daystar,Pass,Lynn,MA,83720,2
42,45,Vahlen,Drive,Saint Louis,MO,43197,3
43,6,Vermont,Avenue,Roanoke,VA,47907,3
44,9,Transport,Park,Newport Beach,CA,39652,1
45,82007,Shopko,Parkway,Tulsa,OK,35993,3
46,55420,Cherokee,Parkway,Mobile,AL,68253,1
47,8,Jenna,Park,Austin,TX,97324,3
48,8,Morning,Point,Salinas,CA,81248,1
49,55,Susan,Place,Waco,TX,98943,2
50,51756,Charing Cross,Pass,Jacksonville,FL,34935,1
51,620,Tony,Street,Glendale,CA,93306,1
52,3,Maryland,Lane,Pensacola,FL,86782,2
53,3888,Anhalt,Circle,Chicago,IL,33395,1
54,2,Loftsgordon,Lane,Jackson,MS,61032,3
55,66,Crescent Oaks,Trail,Zephyrhills,FL,90404,3
56,60728,Hoepker,Junction,Shawnee Mission,KS,89217,1
57,645,Vernon,Alley,Albuquerque,NM,92654,2
58,62,Drewry,Terrace,Tampa,FL,79783,3
59,6,Arkansas,Parkway,Arlington,TX,20619,3
60,92039,Golf,Street,Norfolk,VA,35578,2
61,813,Sutherland,Plaza,Macon,GA,43718,3
62,68,Mitchell,Center,Youngstown,OH,79186,3
63,410,Kingsford,Avenue,Mobile,AL,63631,1
64,7,Mccormick,Trail,Washington,DC,99563,3
65,04405,Lukken,Road,Maple Plain,MN,44325,2
66,52980,Monica,Plaza,Hamilton,OH,75417,2
67,70,Cambridge,Terrace,Pocatello,ID,82410,1
68,2,Oneill,Way,Grand Rapids,MI,65443,3
69,25,Cascade,Circle,Metairie,LA,43238,3
70,3,La Follette,Lane,Kansas City,MO,98558,3
71,32,Kenwood,Terrace,West Palm Beach,FL,64653,3
72,2123,Cody,Circle,Dallas,TX,18686,1
73,21642,Pearson,Pass,Kansas City,MO,44967,3
74,1422,Westend,Parkway,Peoria,IL,79055,1
75,0031,Prairie Rose,Street,Norfolk,VA,27496,2
76,2,Kipling,Center,Greeley,CO,77126,1
77,6,Charing Cross,Street,Fayetteville,NC,42442,1
78,122,Erie,Junction,Arlington,TX,80092,1
79,02,Parkside,Circle,Fort Myers,FL,83517,3
80,3393,Roth,Avenue,Raleigh,NC,13024,2
81,37927,Springs,Lane,Denver,CO,93270,2
82,40300,Charing Cross,Trail,Rochester,MN,80486,2
83,3,Spaight,Point,Fort Worth,TX,33716,2
84,9,Graedel,Park,Little Rock,AR,51240,2
85,10491,Steensland,Avenue,Sacramento,CA,74568,3
86,737,Gerald,Park,Nashville,TN,22904,1
87,9,3rd,Street,Youngstown,OH,25886,1
88,913,Hollow Ridge,Center,Raleigh,NC,84695,2
89,523,Bultman,Street,Migrate,KY,21184,3
90,545,Hauk,Way,Des Moines,IA,55370,3
91,31898,Trailsway,Lane,Houston,TX,84001,1
92,9438,Namekagon,Place,Columbia,SC,25439,1
93,89,Division,Lane,Trenton,NJ,24362,3
94,7,Melvin,Junction,Miami,FL,28158,2
95,00,Thierer,Pass,Hyattsville,MD,91457,1
96,4001,Cambridge,Lane,Naples,FL,46708,3
97,4,Grim,Park,Omaha,NE,18401,2
98,99234,Eagan,Pass,Raleigh,NC,72152,2
99,20090,Declaration,Point,Brooklyn,NY,24379,1
100,65,Lotheville,Lane,Pasadena,CA,69468,1
101,56,Cherokee,Park,Beaumont,TX,94600,3
102,07647,Bunting,Center,New York City,NY,61580,3
103,20,Fuller,Way,Palatine,IL,79800,2
104,6,Stang,Trail,Washington,DC,49290,2
105,59,Waxwing,Terrace,Oklahoma City,OK,14280,1
106,6,Stuart,Street,Miami,FL,46001,2
107,9,Springs,Terrace,San Jose,CA,28462,1
108,18,Grover,Court,Houston,TX,11546,3
109,5770,2nd,Lane,Fort Worth,TX,80814,2
110,42,Lien,Center,South Bend,IN,33651,2
111,789,Gulseth,Avenue,Newton,MA,43158,1
112,79,Elka,Alley,Virginia Beach,VA,95063,2
113,293,Rowland,Crossing,Boise,ID,13790,1
114,2,Valley Edge,Junction,Memphis,TN,89190,2
115,72441,Jackson,Lane,Camden,NJ,42528,1
116,9170,Laurel,Trail,Tulsa,OK,17387,1
117,74137,Walton,Plaza,New York City,NY,92170,2
118,42,Melrose,Point,Lexington,KY,79852,2
119,7692,Northwestern,Avenue,Norfolk,VA,37049,2
120,3307,Lawn,Junction,San Jose,CA,45282,3
121,11,Mallory,Drive,Nashville,TN,39382,1
122,761,Bashford,Road,Erie,PA,13418,1
123,78767,Lunder,Court,Mount Vernon,NY,55603,2
124,637,Briar Crest,Place,New York City,NY,53164,3
125,7381,Eggendart,Street,Miami,FL,23131,3
126,9,Crowley,Trail,Mesa,AZ,54830,2
127,1816,Shoshone,Plaza,Fort Wayne,IN,44354,1
128,67568,Logan,Place,Carlsbad,CA,46072,2
129,58690,Packers,Junction,Bradenton,FL,14084,2
130,828,Prairieview,Plaza,Tampa,FL,94902,3
131,4,Marquette,Way,Columbia,MO,15412,3
132,698,Blue Bill Park,Avenue,Toledo,OH,69152,2
133,5,Fordem,Point,Los Angeles,CA,94496,3
134,688,Butterfield,Circle,Fairfield,CT,31491,1
135,8,Ruskin,Terrace,Inglewood,CA,13888,2
136,51,Hanson,Avenue,Columbia,MO,89567,2
137,19,Novick,Lane,Reno,NV,72397,3
138,1,Declaration,Park,Washington,DC,33220,3
139,2740,Toban,Place,Philadelphia,PA,32720,1
140,2,Petterle,Junction,Denton,TX,47326,1
141,861,Dakota,Place,Clearwater,FL,21483,2
142,13,Parkside,Trail,Orange,CA,29927,1
143,2,Dakota,Pass,San Jose,CA,94594,2
144,78,Anzinger,Pass,Lubbock,TX,60856,3
145,86857,Hoffman,Alley,Stockton,CA,60562,1
146,3,Kim,Pass,Prescott,AZ,91134,2
147,4432,Mariners Cove,Road,Columbus,OH,29244,1
148,783,Ronald Regan,Center,Peoria,IL,54427,2
149,265,Westend,Drive,Waltham,MA,43918,2
150,5,Caliangt,Road,Kansas City,MO,41529,2
151,01,Thompson,Terrace,Salt Lake City,UT,99789,3
152,86,Knutson,Lane,El Paso,TX,21748,2
153,050,Division,Pass,Bradenton,FL,40860,3
154,107,Dahle,Circle,Aurora,CO,44461,1
155,32997,Independence,Junction,Tyler,TX,27155,3
156,6,Milwaukee,Alley,New Bedford,MA,23800,2
157,43,Michigan,Terrace,Norcross,GA,46555,2
158,7056,Gateway,Place,Knoxville,TN,16055,2
159,44517,Dixon,Parkway,Atlanta,GA,28049,3
160,26574,8th,Street,Birmingham,AL,59230,2
161,27,Brentwood,Alley,Garland,TX,62330,3
162,1,Express,Lane,Toledo,OH,87315,3
163,29535,Mandrake,Hill,Simi Valley,CA,88572,3
164,4,Dottie,Circle,Sacramento,CA,95055,3
165,9,Troy,Lane,Charleston,WV,18019,3
166,6,Carioca,Street,Charlotte,NC,18004,2
167,58,Fieldstone,Drive,Austin,TX,37556,2
168,450,Elgar,Center,Visalia,CA,49056,2
169,5983,Armistice,Court,Austin,TX,24178,2
170,62,Kropf,Park,Shawnee Mission,KS,35611,2
171,18104,Washington,Lane,Washington,DC,51989,2
172,5,Stoughton,Point,Detroit,MI,47880,2
173,77,Eastlawn,Trail,Roanoke,VA,69364,1
174,03533,Mitchell,Trail,Boise,ID,44299,3
175,8296,Mockingbird,Drive,Jacksonville,FL,59206,3
176,8,Roth,Way,Portland,OR,13601,1
177,4,Darwin,Parkway,Baton Rouge,LA,82633,2
178,14,Fairview,Trail,El Paso,TX,62422,2
179,558,Westport,Place,Saint Paul,MN,58416,1
180,42,Sutherland,Crossing,Dallas,TX,29705,1
181,0,Hovde,Junction,Lansing,MI,62586,1
182,3,Eastwood,Street,San Francisco,CA,93397,1
183,5383,Evergreen,Park,Clearwater,FL,81728,3
184,782,Brickson Park,Pass,Brooklyn,NY,87142,1
185,3677,Autumn Leaf,Parkway,Charleston,SC,45434,3
186,413,Upham,Hill,Roanoke,VA,42790,1
187,5,Superior,Center,Brea,CA,70106,2
188,1,Anzinger,Place,Cincinnati,OH,56785,2
189,8491,Delladonna,Street,Des Moines,IA,59228,2
190,240,Kim,Trail,Inglewood,CA,20000,3
191,523,Fulton,Trail,Houston,TX,33684,1
192,82149,Debra,Parkway,Portland,OR,66899,3
193,18,Fieldstone,Junction,Santa Cruz,CA,59589,3
194,61,Johnson,Lane,Saint Louis,MO,21649,1
195,1908,Norway Maple,Point,Washington,DC,54385,3
196,297,Beilfuss,Parkway,New Castle,PA,62907,3
197,041,Ridgeway,Pass,Corpus Christi,TX,47939,3
198,816,Basil,Court,Orlando,FL,51314,3
199,563,Spohn,Place,Washington,DC,29998,1
200,6044,Crescent Oaks,Center,Peoria,AZ,65007,3
201,0,Milwaukee,Way,Saint Louis,MO,90489,3
202,26299,Prairie Rose,Trail,Tulsa,OK,94695,3
203,8071,School,Plaza,Memphis,TN,82905,3
204,7,Continental,Court,Augusta,GA,84741,3
205,967,Gerald,Road,Knoxville,TN,55252,3
206,7,Pleasure,Court,Charleston,WV,75705,3
207,2,Dennis,Place,Houston,TX,18932,1
208,1,Ohio,Road,Little Rock,AR,74600,3
209,64863,Waxwing,Plaza,Vero Beach,FL,93964,3
210,07,Brown,Plaza,Baltimore,MD,41595,1
211,372,Farragut,Drive,Omaha,NE,21609,3
212,8,Kedzie,Alley,Buffalo,NY,26410,3
213,9,Village Green,Way,Miami,FL,15114,1
214,4,Mockingbird,Street,Paterson,NJ,43320,1
215,1887,Eagan,Avenue,Washington,DC,48796,2
216,7533,Springs,Trail,Atlanta,GA,50429,3
217,313,Sauthoff,Court,San Jose,CA,83222,1
218,27264,Blue Bill Park,Junction,Madison,WI,37466,1
219,4,Forest Dale,Avenue,Orlando,FL,97636,1
220,5,Clarendon,Parkway,Aurora,IL,99700,1
221,86,Huxley,Terrace,Saint Paul,MN,36205,2
222,7698,Dunning,Park,Dayton,OH,82310,2
223,60,Bay,Crossing,Fort Worth,TX,17901,2
224,16,Anniversary,Crossing,Atlanta,GA,96973,3
225,1,Transport,Center,Fort Worth,TX,38068,2
226,55733,Waywood,Avenue,Tallahassee,FL,16032,3
227,04085,Lyons,Crossing,Tampa,FL,69534,1
228,57,Declaration,Circle,Sacramento,CA,28987,1
229,5211,Forest Run,Crossing,Decatur,IL,21939,1
230,8265,Carioca,Court,Saint Louis,MO,95405,1
231,4,Loftsgordon,Alley,Dallas,TX,75095,2
232,604,Continental,Plaza,Atlanta,GA,91048,1
233,9,Bellgrove,Center,Decatur,GA,28317,3
234,310,Straubel,Road,Reston,VA,62480,1
235,71076,Killdeer,Way,Washington,DC,82913,1
236,8485,Brentwood,Point,Dallas,TX,87040,2
237,42467,Granby,Court,Philadelphia,PA,61241,2
238,45,Monica,Park,Oklahoma City,OK,51705,1
239,69375,Lakewood,Avenue,Dallas,TX,43383,2
240,337,Hooker,Alley,Mesquite,TX,92782,2
241,1861,Farragut,Circle,Buffalo,NY,34106,2
242,552,Butternut,Park,Washington,DC,66480,2
243,39199,Moose,Drive,Maple Plain,MN,29589,3
244,7,Sachtjen,Avenue,Washington,DC,57676,1
245,9558,Utah,Plaza,Milwaukee,WI,61796,2
246,62028,Erie,Parkway,Fargo,ND,65505,3
247,03471,Prairie Rose,Avenue,Silver Spring,MD,19553,2
248,49,Dorton,Plaza,Gainesville,FL,54678,3
249,7240,Burning Wood,Park,Bethesda,MD,27862,1
250,96,Waywood,Trail,New Orleans,LA,54600,3
251,52681,Helena,Road,Kansas City,MO,64470,1
252,3,Hudson,Pass,Atlanta,GA,88078,1
253,02,Service,Court,Rockford,IL,39818,1
254,3,Lien,Terrace,Peoria,IL,49531,2
255,8684,Ridge Oak,Crossing,Mesa,AZ,36078,2
256,79,Sunfield,Way,Tampa,FL,66309,3
257,038,Melvin,Avenue,Gilbert,AZ,27723,2
258,788,Red Cloud,Terrace,Lafayette,IN,27487,3
259,5,Corben,Terrace,Augusta,GA,62413,1
260,82985,Maple,Lane,New Orleans,LA,53546,1
261,540,Schmedeman,Drive,Portland,OR,86573,2
262,8,Westerfield,Drive,Honolulu,HI,86375,2
263,37,Eastwood,Alley,Fort Wayne,IN,14687,1
264,0752,Judy,Road,West Palm Beach,FL,17611,3
265,46,Messerschmidt,Plaza,Palatine,IL,71152,1
266,1,Commercial,Parkway,Wilmington,DE,73078,3
267,8234,Morrow,Parkway,Saint Louis,MO,79369,3
268,249,Gerald,Lane,Chicago,IL,53862,1
269,68367,Autumn Leaf,Center,Wichita Falls,TX,61976,1
270,3989,Redwing,Way,Kent,WA,26093,3
271,5690,Scott,Lane,Birmingham,AL,33691,2
272,80,Southridge,Hill,Las Vegas,NV,20397,1
273,4626,Pepper Wood,Avenue,Wilmington,NC,61766,1
274,80,Claremont,Avenue,Washington,DC,60577,3
275,19546,Linden,Place,Milwaukee,WI,46418,1
276,14,Rieder,Circle,Evansville,IN,29255,2
277,6702,Duke,Court,Miami,FL,28302,2
278,13247,Holy Cross,Avenue,Fort Myers,FL,90939,3
279,76728,Nevada,Alley,Baton Rouge,LA,89249,3
280,90,Fulton,Lane,Columbus,GA,59603,1
281,39,Arizona,Parkway,Irvine,CA,62153,2
282,449,Loftsgordon,Hill,Charleston,WV,48174,2
283,2826,Tony,Avenue,Austin,TX,57707,1
284,576,Aberg,Way,Kingsport,TN,62198,2
285,531,Lien,Crossing,Phoenix,AZ,24082,2
286,4103,West,Trail,Miami,FL,37842,3
287,5,Debs,Terrace,Montgomery,AL,74163,3
288,451,Westport,Alley,Amarillo,TX,13820,2
289,15,Roxbury,Terrace,Montgomery,AL,71492,3
290,08,Mesta,Avenue,Tulsa,OK,87211,3
291,411,Katie,Court,Portsmouth,NH,80506,3
292,1341,Northridge,Park,Fayetteville,NC,80842,3
293,64968,Kipling,Hill,Charleston,WV,50672,2
294,15949,Gulseth,Avenue,Columbia,SC,21009,3
295,74,Eastwood,Pass,Canton,OH,31297,1
296,5191,Green Ridge,Trail,Pasadena,CA,22839,1
297,48460,Hoffman,Pass,Pasadena,CA,24857,2
298,4679,Lyons,Way,Atlanta,GA,53018,3
299,8,Cordelia,Crossing,Phoenix,AZ,55105,3
300,8,Sheridan,Crossing,Chandler,AZ,46490,3
301,56,Fieldstone,Point,New York City,NY,68835,3
302,93,Rutledge,Park,Columbia,SC,21259,3
303,474,Carpenter,Plaza,Charlotte,NC,19149,3
304,841,Bayside,Way,Athens,GA,37309,1
305,37,Homewood,Center,Des Moines,IA,65257,2
306,7,Algoma,Hill,Los Angeles,CA,42497,1
307,933,Dovetail,Pass,Washington,DC,68175,1
308,65,Doe Crossing,Crossing,Vancouver,WA,56668,1
309,0,Meadow Vale,Drive,Clearwater,FL,30190,3
310,568,Russell,Street,Honolulu,HI,68272,1
311,16450,Manitowish,Park,Arlington,VA,82360,1
312,59878,Tony,Drive,Hartford,CT,25117,1
313,490,Mayer,Plaza,Grand Rapids,MI,17642,2
314,799,Sycamore,Parkway,Omaha,NE,17632,3
315,7856,Onsgard,Parkway,Round Rock,TX,69486,2
316,416,Talisman,Alley,Akron,OH,74759,1
317,0735,Schurz,Street,Terre Haute,IN,97932,3
318,86,Lyons,Junction,Milwaukee,WI,94525,2
319,689,Northport,Street,Savannah,GA,94710,3
320,57739,Fair Oaks,Junction,Boise,ID,40392,3
321,212,Hauk,Road,Omaha,NE,45757,1
322,71,Coleman,Drive,Los Angeles,CA,29942,3
323,350,Granby,Court,Lincoln,NE,85349,2
324,8527,Park Meadow,Road,Portland,OR,29972,2
325,90531,Ohio,Park,Birmingham,AL,83482,3
326,75,Eggendart,Junction,Roanoke,VA,42878,2
327,88,Mitchell,Plaza,Tampa,FL,60381,2
328,820,Harper,Place,Albany,NY,41550,3
329,8966,Waxwing,Crossing,San Antonio,TX,44190,2
330,7,Burning Wood,Road,Kansas City,MO,56365,2
331,1,Straubel,Crossing,Seattle,WA,63003,1
332,4896,Towne,Pass,Salinas,CA,23410,1
333,46149,Helena,Avenue,Harrisburg,PA,61708,1
334,1735,Sloan,Court,Atlanta,GA,92625,3
335,36,Prairieview,Drive,Trenton,NJ,15599,1
336,2,Arapahoe,Drive,Dallas,TX,69635,3
337,8,Jana,Plaza,Springfield,MA,86218,2
338,34535,Ruskin,Center,New Castle,PA,27139,3
339,7,Pond,Street,Indianapolis,IN,43183,2
340,36,Burning Wood,Circle,Pueblo,CO,22568,1
341,4231,Packers,Lane,El Paso,TX,34675,1
342,20049,Melvin,Terrace,Phoenix,AZ,92701,3
343,7937,Weeping Birch,Circle,Richmond,VA,29555,2
344,16945,Hagan,Trail,Miami,FL,31972,1
345,3687,Hanover,Plaza,Duluth,MN,45055,3
346,74,Killdeer,Plaza,Midland,TX,51813,1
347,4081,Tennyson,Trail,Huntington,WV,24349,2
348,911,Buena Vista,Lane,Washington,DC,84825,2
349,0,Monument,Hill,Tucson,AZ,96073,2
350,0592,Crowley,Trail,New York City,NY,67413,2
351,4,Lawn,Circle,Daytona Beach,FL,34398,1
352,678,Brickson Park,Point,Dayton,OH,72436,1
353,31,Kenwood,Park,Pomona,CA,34527,1
354,664,Schurz,Road,Syracuse,NY,87114,2
355,84334,Scofield,Lane,Atlanta,GA,21531,2
356,6,Forster,Lane,El Paso,TX,89671,3
357,72555,Cody,Junction,Tacoma,WA,38561,1
358,422,Anhalt,Pass,Omaha,NE,22083,3
359,794,Sunfield,Hill,San Francisco,CA,56719,2
360,28161,Ronald Regan,Junction,Los Angeles,CA,63386,3
361,1350,Brentwood,Alley,Athens,GA,99819,1
362,5,Reinke,Hill,Buffalo,NY,78520,3
363,0,Crest Line,Crossing,Warren,OH,89948,3
364,8978,Del Sol,Street,Spring,TX,75973,2
365,4,Shoshone,Alley,Los Angeles,CA,77238,3
366,92506,Goodland,Terrace,Atlanta,GA,63189,2
367,1,Cambridge,Hill,Austin,TX,62960,3
368,8,Pierstorff,Avenue,Las Vegas,NV,53738,2
369,0045,Pleasure,Street,Chicago,IL,92400,3
370,09946,Stoughton,Center,Albany,NY,20086,1
371,56,Commercial,Point,Birmingham,AL,75386,2
372,55,Kennedy,Pass,Gainesville,FL,68904,3
373,54317,Summerview,Park,Colorado Springs,CO,17816,3
374,0069,Muir,Alley,Philadelphia,PA,65844,2
375,897,Ilene,Terrace,Atlanta,GA,36061,2
376,61270,Bashford,Center,Memphis,TN,72673,1
377,96971,Fair Oaks,Trail,Washington,DC,66852,3
378,3,Scott,Place,Houston,TX,67518,3
379,5029,Maywood,Lane,Panama City,FL,89330,1
380,0,Gulseth,Park,Aurora,CO,82772,1
381,94515,Westport,Hill,Tucson,AZ,57132,1
382,18,Hauk,Center,San Francisco,CA,44895,3
383,433,Southridge,Avenue,Decatur,GA,96884,2
384,31,Manitowish,Court,Cedar Rapids,IA,93926,1
385,550,Orin,Plaza,Apache Junction,AZ,97354,3
386,27624,Mayfield,Alley,Saint Cloud,MN,14581,3
387,527,Ridge Oak,Circle,Tampa,FL,27519,3
388,717,Morningstar,Trail,Riverside,CA,92507,2
389,54,West,Street,Miami,FL,69885,2
390,3172,Shasta,Plaza,Ann Arbor,MI,36340,3
391,9240,Prentice,Way,Tampa,FL,92554,1
392,84,Scoville,Park,Huntsville,TX,71831,3
393,9,Kings,Alley,Shreveport,LA,28866,2
394,799,Darwin,Street,Baton Rouge,LA,18395,2
395,8,Elka,Park,Kansas City,KS,50078,2
396,2,Sherman,Place,Montgomery,AL,59223,2
397,03,Pearson,Pass,Shreveport,LA,39576,1
398,6739,Susan,Street,Salt Lake City,UT,19728,2
399,49,Mallard,Hill,Bradenton,FL,72433,2
400,27,Scott,Parkway,Houston,TX,55282,2
401,05521,Ruskin,Point,Baltimore,MD,57676,3
402,004,Dovetail,Center,Memphis,TN,49512,1
403,36,Harper,Drive,El Paso,TX,17044,1
404,4146,Calypso,Pass,Stamford,CT,51517,1
405,839,Ohio,Alley,New Castle,PA,79905,1
406,306,Coolidge,Parkway,Myrtle Beach,SC,16189,1
407,03046,Jackson,Avenue,South Bend,IN,45534,3
408,775,Jenifer,Crossing,Duluth,GA,96100,3
409,50,Twin Pines,Center,Rockford,IL,51628,3
410,9764,Fulton,Circle,Springfield,IL,85335,3
411,41003,Morrow,Avenue,Jackson,MS,64800,1
412,84,Shasta,Terrace,Houston,TX,27873,2
413,71,Sycamore,Parkway,Charlotte,NC,27853,1
414,53982,Lawn,Circle,Vancouver,WA,56944,1
415,26685,Swallow,Drive,Philadelphia,PA,91664,2
416,269,Anderson,Road,Denver,CO,47894,3
417,3898,Anzinger,Alley,New York City,NY,20781,3
418,796,Packers,Terrace,Herndon,VA,73556,3
419,86,Pierstorff,Street,Stamford,CT,66056,2
420,17326,Blaine,Center,Wichita Falls,TX,59536,3
421,9,Hoepker,Street,El Paso,TX,97827,3
422,37060,Corry,Junction,Durham,NC,78327,2
423,43136,American,Parkway,Pittsburgh,PA,32891,2
424,8,Johnson,Way,Austin,TX,35472,2
425,0,Tomscot,Trail,Portland,ME,75934,2
426,83846,Mallory,Place,Detroit,MI,67433,1
427,81,Shoshone,Terrace,Hot Springs National Park,AR,51527,2
428,73,Old Shore,Crossing,Washington,DC,11987,3
429,62,Stoughton,Pass,Louisville,KY,32983,3
430,844,8th,Center,Hartford,CT,63326,1
431,14165,Sachtjen,Crossing,Metairie,LA,81712,2
432,79620,Nova,Junction,Las Vegas,NV,44185,1
433,521,Old Gate,Point,Greenville,SC,78231,2
434,812,Hudson,Circle,South Bend,IN,94776,1
435,64044,Hallows,Trail,Saint Louis,MO,22382,1
436,3,Pepper Wood,Place,Richmond,VA,21506,2
437,506,Cardinal,Parkway,San Diego,CA,96723,2
438,222,Aberg,Circle,Sunnyvale,CA,86831,3
439,18957,Fordem,Point,Atlanta,GA,74765,1
440,3920,Mallard,Drive,Birmingham,AL,60833,3
441,89,Lakeland,Court,Worcester,MA,68567,2
442,8358,Sommers,Way,Springfield,MO,82378,3
443,2031,Johnson,Terrace,Milwaukee,WI,36591,3
444,76,Transport,Drive,Washington,DC,16355,2
445,6449,Fieldstone,Drive,Maple Plain,MN,36907,1
446,48743,Gateway,Court,Oklahoma City,OK,27418,1
447,6133,Oriole,Crossing,Flint,MI,88455,3
448,43,Tony,Pass,Los Angeles,CA,35440,3
449,83767,Birchwood,Crossing,Seattle,WA,32475,2
450,622,Donald,Center,Knoxville,TN,44325,2
451,46,Everett,Hill,Memphis,TN,47191,3
452,73423,Kennedy,Alley,Columbus,OH,93061,1
453,95250,Vidon,Way,Bloomington,IN,55922,3
454,917,Eggendart,Pass,Toledo,OH,24246,1
455,33,Forest,Hill,Salt Lake City,UT,75448,3
456,367,Helena,Junction,Dallas,TX,62545,1
457,27674,Eastwood,Trail,New Orleans,LA,33647,1
458,36557,Carpenter,Place,San Diego,CA,88805,1
459,03611,Spaight,Terrace,Memphis,TN,61826,3
460,00,Melody,Avenue,Roanoke,VA,15301,2
461,30,Merry,Pass,Omaha,NE,21631,1
462,33942,Heath,Alley,Boulder,CO,75674,2
463,729,Walton,Plaza,Virginia Beach,VA,64657,3
464,90040,Utah,Pass,Pasadena,CA,25992,2
465,290,Scofield,Junction,Independence,MO,20414,2
466,500,Susan,Lane,Albuquerque,NM,39019,3
467,32001,Claremont,Street,Louisville,KY,57998,2
468,8781,Arkansas,Plaza,Charleston,WV,72923,2
469,5984,Coolidge,Center,Washington,DC,60993,2
470,6,Bluejay,Street,Arvada,CO,59892,3
471,23792,Monterey,Park,Minneapolis,MN,68932,3
472,94409,Marcy,Plaza,Littleton,CO,29435,2
473,5298,Maryland,Terrace,Daytona Beach,FL,48546,3
474,7,Eastlawn,Terrace,Saint Petersburg,FL,85693,2
475,84,Montana,Place,Austin,TX,66668,2
476,7807,Chinook,Hill,Riverside,CA,56568,3
477,5256,Talmadge,Park,Atlanta,GA,63660,1
478,63984,Oriole,Road,Pasadena,CA,97267,3
479,5933,Union,Drive,Tacoma,WA,39315,1
480,77256,Sunbrook,Way,Bronx,NY,29888,1
481,0,Moose,Parkway,Worcester,MA,88559,1
482,32,Butternut,Trail,Melbourne,FL,39552,2
483,77096,Moulton,Plaza,Pittsburgh,PA,26808,2
484,224,Butterfield,Drive,Salt Lake City,UT,16328,2
485,08,Corben,Avenue,Monroe,LA,39353,3
486,14,Gina,Circle,Torrance,CA,22355,3
487,6,Fieldstone,Pass,Warren,MI,78160,2
488,733,Summit,Crossing,Phoenix,AZ,49846,1
489,541,Charing Cross,Pass,Atlanta,GA,59809,3
490,52388,Rockefeller,Center,Fort Myers,FL,78928,1
491,630,Clemons,Pass,Seattle,WA,88616,1
492,639,Dovetail,Lane,Carol Stream,IL,25484,2
493,3627,Stephen,Way,Fort Wayne,IN,39642,3
494,64,Northridge,Circle,Green Bay,WI,47717,2
495,844,Main,Drive,Norfolk,VA,92286,1
496,119,Myrtle,Hill,Toledo,OH,58098,1
497,32139,Pond,Avenue,Chattanooga,TN,21206,1
498,71388,Gina,Place,Brooklyn,NY,38957,2
499,2,Barnett,Avenue,Jeffersonville,IN,22847,3
500,352,Pierstorff,Park,Ocala,FL,49939,2
501,709,Redwing,Street,Apache Junction,AZ,50118,1
502,40695,Dixon,Place,Fort Wayne,IN,16846,3
503,498,Shopko,Place,Shawnee Mission,KS,63350,3
504,55,Farragut,Point,Spartanburg,SC,23705,3
505,9230,Cascade,Street,Hartford,CT,94122,3
506,191,Columbus,Lane,Tucson,AZ,48915,3
507,6135,Tony,Terrace,Decatur,GA,84551,2
508,0634,Montana,Alley,Waterloo,IA,83031,1
509,636,Melvin,Road,Flushing,NY,33243,3
510,76981,Erie,Parkway,Jackson,MS,78619,3
511,23,Melby,Court,Kansas City,MO,25726,2
512,231,Mandrake,Avenue,Baltimore,MD,34266,2
513,1,Tomscot,Place,Fort Worth,TX,95231,2
514,608,Eastwood,Hill,Fort Smith,AR,30781,2
515,01002,Sullivan,Court,Cleveland,OH,55715,3
516,13744,2nd,Plaza,Raleigh,NC,34552,3
517,0,Prairie Rose,Drive,Savannah,GA,17175,2
518,63,Everett,Place,Dayton,OH,37830,2
519,83,Northfield,Center,Cincinnati,OH,93341,1
520,28,Forest Run,Drive,Pittsburgh,PA,40285,2
521,25992,Bashford,Avenue,Winston Salem,NC,84287,1
522,7413,Sullivan,Court,Saint Petersburg,FL,57477,1
523,3,Graedel,Park,Saint Louis,MO,51331,2
524,0,Norway Maple,Plaza,Scottsdale,AZ,77229,3
525,63,Dawn,Parkway,Memphis,TN,22584,3
526,7,Fieldstone,Terrace,Houston,TX,20810,2
527,690,Carey,Plaza,Rochester,NY,67018,3
528,41296,Portage,Alley,Palm Bay,FL,57925,3
529,98,Briar Crest,Place,Madison,WI,19734,2
530,8,Wayridge,Terrace,Northridge,CA,90634,3
531,29600,Blue Bill Park,Avenue,Jersey City,NJ,87117,1
532,40,Ohio,Hill,Austin,TX,73318,2
533,59291,Katie,Terrace,Wilmington,DE,20304,1
534,5120,Sherman,Drive,North Little Rock,AR,44715,3
535,7450,Lunder,Parkway,Fort Smith,AR,85678,2
536,3,Bluestem,Drive,Rochester,MN,43634,1
537,760,Lawn,Place,Trenton,NJ,73022,2
538,1,Mendota,Place,Memphis,TN,72688,2
539,97,Superior,Street,Houston,TX,52122,1
540,7194,Ridge Oak,Trail,Joliet,IL,33052,1
541,6,Sutteridge,Point,Syracuse,NY,87065,1
542,4,Monterey,Crossing,Pasadena,CA,31109,3
543,2,Emmet,Plaza,Scranton,PA,16866,1
544,73793,Merry,Hill,Minneapolis,MN,56027,1
545,613,Grayhawk,Point,Gary,IN,80444,1
546,6,Harper,Point,Huntington,WV,41958,1
547,824,Vera,Trail,Tampa,FL,92998,2
548,73466,Farmco,Court,Huntsville,AL,85335,3
549,073,Elgar,Pass,Trenton,NJ,77307,1
550,51885,Helena,Circle,Sioux Falls,SD,40673,2
551,50207,Walton,Trail,Birmingham,AL,84273,2
552,78948,Eastwood,Hill,Sarasota,FL,59423,1
553,19,Granby,Alley,Washington,DC,96553,1
554,8906,Hanson,Court,Bloomington,IL,30191,3
555,16,Valley Edge,Crossing,Huntington,WV,49889,1
556,35335,Moland,Terrace,Iowa City,IA,21072,3
557,3,Old Gate,Parkway,Charleston,WV,78761,1
558,23,Northview,Alley,Shreveport,LA,73470,3
559,02366,Michigan,Hill,East Saint Louis,IL,17849,3
560,3,Meadow Valley,Avenue,London,KY,47939,2
561,1568,Anhalt,Way,Washington,DC,59123,1
562,98677,Main,Court,Jacksonville,FL,94922,1
563,71261,Lillian,Lane,Sacramento,CA,27768,2
564,13261,Bultman,Avenue,Elmira,NY,78039,3
565,74711,Northwestern,Point,Norfolk,VA,14563,3
566,7,Sugar,Court,Phoenix,AZ,83295,1
567,23,Larry,Junction,New York City,NY,32795,3
568,433,Loftsgordon,Crossing,San Jose,CA,98975,2
569,90480,Barnett,Park,Canton,OH,38862,3
570,09513,La Follette,Lane,Little Rock,AR,51684,2
571,3571,New Castle,Trail,Spokane,WA,94835,3
572,26443,Rigney,Junction,New York City,NY,56430,2
573,1,Northridge,Place,Carol Stream,IL,99822,1
574,53849,Dwight,Parkway,Stamford,CT,14763,3
575,34435,Mariners Cove,Terrace,Arlington,VA,19927,2
576,0335,Portage,Crossing,Chicago,IL,12962,2
577,89155,Sage,Avenue,Garland,TX,70144,3
578,0,Westridge,Lane,Oklahoma City,OK,20634,2
579,8,Dexter,Alley,Corona,CA,72023,1
580,3810,Dryden,Pass,Oklahoma City,OK,19832,1
581,0821,Evergreen,Crossing,Carol Stream,IL,47853,1
582,4486,Killdeer,Terrace,Inglewood,CA,17132,3
583,2,Trailsway,Park,Newark,NJ,75268,1
584,5619,Scott,Circle,Daytona Beach,FL,60247,2
585,23,Hintze,Trail,Houston,TX,92767,3
586,9293,Portage,Street,Kalamazoo,MI,56040,2
587,53,Susan,Hill,Wichita,KS,68225,1
588,2023,Farwell,Avenue,Lynchburg,VA,88812,1
589,4,Transport,Terrace,Danbury,CT,38225,3
590,92,Warrior,Hill,Littleton,CO,46751,3
591,78,Warner,Park,Baltimore,MD,96811,3
592,312,3rd,Avenue,Washington,DC,22068,2
593,9,Golf Course,Road,Crawfordsville,IN,50766,2
594,408,Colorado,Trail,Philadelphia,PA,32291,2
595,46,Muir,Drive,Denver,CO,48186,2
596,79,High Crossing,Center,Minneapolis,MN,92952,3
597,7,Marquette,Point,Fresno,CA,68928,1
598,7,Chive,Place,Bronx,NY,73928,3
599,6,Dayton,Hill,Lakewood,WA,54574,3
600,28,Garrison,Hill,Glendale,AZ,89025,3
601,4564,Sunnyside,Avenue,Lansing,MI,85663,2
602,8,Forest Run,Lane,Dayton,OH,61273,3
603,230,Corscot,Trail,Houston,TX,94120,3
604,4,Cordelia,Court,Aurora,IL,79313,3
605,17939,Roxbury,Parkway,Richmond,VA,38201,2
606,9,Express,Avenue,Albany,NY,68977,2
607,28366,Spohn,Street,Lynchburg,VA,88439,2
608,927,Banding,Way,High Point,NC,92271,1
609,7738,Coleman,Trail,Cincinnati,OH,91535,1
610,7792,Del Sol,Trail,Cincinnati,OH,36861,3
611,93,Independence,Center,Detroit,MI,85325,3
612,52920,Mesta,Hill,Mesa,AZ,12345,2
613,97090,Grover,Street,Washington,DC,40837,3
614,7,Trailsway,Place,Paterson,NJ,42988,1
615,855,Commercial,Street,Daytona Beach,FL,18110,3
616,82102,Village,Hill,San Francisco,CA,74876,1
617,41,Sycamore,Road,Birmingham,AL,70487,1
618,4362,Roth,Junction,San Antonio,TX,71462,1
619,545,Dixon,Place,Saint Louis,MO,91705,2
620,0,Dryden,Drive,Durham,NC,40646,3
621,23469,Rutledge,Point,Knoxville,TN,47659,1
622,27133,Hollow Ridge,Junction,San Diego,CA,30757,2
623,75,Logan,Drive,Cincinnati,OH,35500,2
624,4021,Rigney,Drive,New York City,NY,21928,3
625,29,Fuller,Center,Oklahoma City,OK,23652,1
626,9523,Riverside,Avenue,Concord,CA,71485,2
627,908,Hauk,Parkway,Atlanta,GA,81572,1
628,847,Arkansas,Circle,Charlotte,NC,51809,2
629,23,Judy,Drive,Springfield,MA,54785,2
630,6,Evergreen,Court,Sacramento,CA,94007,3
631,565,Anniversary,Trail,Springfield,IL,95663,2
632,234,Saint Paul,Crossing,Miami,FL,74668,2
633,9,2nd,Junction,Chandler,AZ,38283,2
634,92376,Arkansas,Center,Bethesda,MD,41534,3
635,548,Reinke,Circle,Vancouver,WA,27802,2
636,11,Ridge Oak,Pass,Jamaica,NY,27949,3
637,346,Lake View,Terrace,Denver,CO,35960,3
638,7079,Clove,Center,Vancouver,WA,37089,2
639,7599,Sauthoff,Crossing,Columbus,MS,45812,1
640,4021,Northfield,Avenue,West Palm Beach,FL,13732,3
641,17,Gateway,Crossing,San Diego,CA,85530,2
642,94421,Raven,Street,Canton,OH,59111,3
643,529,Birchwood,Hill,Virginia Beach,VA,47506,2
644,437,Mockingbird,Way,Syracuse,NY,72458,1
645,5,Badeau,Park,Raleigh,NC,39947,2
646,7825,Manley,Court,Rochester,MN,55817,1
647,517,Anzinger,Plaza,El Paso,TX,43027,1
648,83,Parkside,Lane,Cleveland,OH,70161,3
649,82653,Granby,Terrace,Birmingham,AL,45089,3
650,914,Schurz,Trail,Honolulu,HI,56596,2
651,1414,Red Cloud,Alley,Mount Vernon,NY,48662,3
652,90,Merrick,Plaza,Roanoke,VA,48715,2
653,5,Chinook,Center,North Little Rock,AR,63971,1
654,74319,Pennsylvania,Alley,Raleigh,NC,36545,1
655,122,Garrison,Center,Pittsburgh,PA,36244,1
656,3092,Logan,Lane,Columbus,MS,91965,1
657,34936,Susan,Center,Dallas,TX,47463,3
658,2,Emmet,Avenue,Omaha,NE,48240,1
659,32801,Utah,Road,Jefferson City,MO,96773,3
660,8,Monterey,Alley,Los Angeles,CA,62599,1
661,2,Moulton,Circle,Washington,DC,25424,2
662,4990,Kingsford,Terrace,Cincinnati,OH,72174,3
663,95840,Schurz,Crossing,Long Beach,CA,88935,1
664,0086,Nova,Crossing,Mobile,AL,13828,2
665,99,Lunder,Point,New York City,NY,42984,2
666,22,6th,Terrace,Saint Paul,MN,26823,2
667,68,Bellgrove,Pass,Racine,WI,99222,1
668,37,Banding,Point,Jacksonville,FL,50587,1
669,8536,Hanson,Lane,Rockford,IL,24079,1
670,503,Hooker,Alley,Miami,FL,29976,3
671,75,Bultman,Drive,Lexington,KY,87164,2
672,3359,Golf Course,Drive,Birmingham,AL,87422,2
673,1,Dennis,Trail,Canton,OH,99620,3
674,7,Scott,Avenue,Albuquerque,NM,86256,3
675,37,Debra,Terrace,Sioux Falls,SD,29062,2
676,47179,Dryden,Court,Pittsburgh,PA,61553,1
677,292,Colorado,Point,Louisville,KY,42983,2
678,831,Norway Maple,Way,South Bend,IN,18594,1
679,58,Summer Ridge,Point,Sacramento,CA,64723,1
680,96958,Daystar,Point,Stockton,CA,93435,2
681,71478,Bunting,Park,Mobile,AL,29527,2
682,1,Emmet,Road,Oklahoma City,OK,22058,1
683,222,Park Meadow,Way,Saint Louis,MO,94336,2
684,0112,Homewood,Point,Tucson,AZ,45284,3
685,94,Shoshone,Trail,Anderson,IN,33787,1
686,1,Lillian,Crossing,Santa Fe,NM,61925,2
687,8749,Anthes,Trail,New York City,NY,17978,3
688,81,Arrowood,Park,Anniston,AL,41574,1
689,6054,Straubel,Road,Spring,TX,47822,3
690,17071,Mifflin,Hill,Lexington,KY,49669,1
691,14424,6th,Street,Wilmington,DE,54179,1
692,6,Pepper Wood,Alley,New York City,NY,17845,2
693,3976,Ridgeview,Court,Columbus,OH,56672,1
694,311,Hallows,Alley,Baton Rouge,LA,28716,1
695,38,Clemons,Place,Detroit,MI,12882,3
696,72423,Oak,Alley,Fort Wayne,IN,68401,3
697,86212,Oxford,Lane,Young America,MN,53566,2
698,53969,Washington,Road,Norwalk,CT,26895,1
699,189,Bunker Hill,Park,Columbus,GA,81573,1
700,01739,Fairfield,Center,Washington,DC,86575,1
701,18167,Carey,Crossing,Indianapolis,IN,85218,2
702,22,Fulton,Park,Sioux Falls,SD,57099,1
703,37899,Melody,Lane,Las Vegas,NV,60693,3
704,43196,Annamark,Plaza,New Haven,CT,28085,3
705,8,Texas,Parkway,Naples,FL,41529,3
706,5620,High Crossing,Road,Riverside,CA,50470,2
707,2,Bultman,Crossing,Lubbock,TX,72489,2
708,5,Garrison,Drive,Harrisburg,PA,91863,1
709,7851,Parkside,Avenue,Oklahoma City,OK,46883,1
710,6,Independence,Terrace,Evansville,IN,77581,1
711,531,Green Ridge,Way,Milwaukee,WI,36820,2
712,7,Mosinee,Circle,Valdosta,GA,68133,2
713,0,Butternut,Parkway,Racine,WI,95891,2
714,2562,Dawn,Court,Houston,TX,64113,3
715,0,Vera,Junction,Reston,VA,18552,3
716,762,Sycamore,Alley,Rochester,NY,21131,3
717,8310,8th,Avenue,Saint Louis,MO,45125,2
718,329,Vidon,Lane,Camden,NJ,31075,2
719,44382,Prentice,Alley,Littleton,CO,44177,2
720,8,Evergreen,Circle,Bridgeport,CT,71410,2
721,283,Westridge,Circle,Grand Rapids,MI,72863,2
722,989,Evergreen,Terrace,Arlington,VA,11289,2
723,4,Forest Run,Alley,Des Moines,IA,94483,2
724,5,Clarendon,Avenue,Dallas,TX,84668,3
725,60518,Northport,Street,Tuscaloosa,AL,33572,1
726,81,Elgar,Plaza,New York City,NY,51327,3
727,24997,Mayfield,Plaza,El Paso,TX,68942,3
728,30,Hoard,Court,Santa Fe,NM,15527,3
729,10,Lukken,Trail,Honolulu,HI,11538,3
730,3,Texas,Street,Manassas,VA,32817,2
731,09,Northview,Road,Huntington,WV,55990,1
732,2,Weeping Birch,Circle,New York City,NY,41131,2
733,3,Portage,Center,San Bernardino,CA,21181,1
734,1,Hooker,Drive,Cincinnati,OH,48465,3
735,29,Dawn,Pass,Lima,OH,76762,1
736,259,Rowland,Drive,High Point,NC,31734,1
737,767,Dunning,Street,Staten Island,NY,58907,1
738,77074,6th,Point,Baltimore,MD,17796,2
739,77,7th,Alley,Savannah,GA,53731,1
740,19835,Schmedeman,Plaza,Saint Louis,MO,19507,2
741,974,Haas,Lane,Indianapolis,IN,28986,2
742,41,Upham,Pass,Saint Paul,MN,76355,3
743,6747,Eastwood,Road,Bradenton,FL,80507,3
744,182,Loftsgordon,Point,Burbank,CA,85717,3
745,89935,Hovde,Avenue,Saint Petersburg,FL,44914,1
746,837,Canary,Hill,Atlanta,GA,75842,1
747,40667,Daystar,Point,Roanoke,VA,39105,2
748,392,Blue Bill Park,Alley,Olympia,WA,98555,3
749,45835,Gerald,Lane,Portland,OR,63033,3
750,82962,Porter,Court,Norfolk,VA,67484,2
751,5,Golf Course,Court,Kingsport,TN,79532,2
752,3368,Pankratz,Pass,Denver,CO,78095,2
753,01988,Nova,Way,Brea,CA,79325,1
754,672,Arrowood,Circle,Charleston,SC,34376,1
755,7,Westend,Park,Cumming,GA,64425,3
756,2056,Nova,Center,Austin,TX,61743,1
757,2919,Maple,Park,Reading,PA,86514,2
758,47781,Autumn Leaf,Terrace,Ogden,UT,66826,2
759,88,Randy,Center,Gainesville,FL,72966,1
760,7273,Heffernan,Park,Detroit,MI,40685,3
761,2,Dovetail,Junction,Jacksonville,FL,41364,3
762,56,Nova,Street,Cincinnati,OH,12168,2
763,0,Canary,Lane,Houston,TX,23919,3
764,6249,Dixon,Plaza,Huntington,WV,25542,3
765,85,Elka,Alley,Atlanta,GA,17787,2
766,400,Melby,Way,Columbia,MO,70957,3
767,411,Mccormick,Circle,Montgomery,AL,44865,1
768,85747,Commercial,Court,Colorado Springs,CO,91486,2
769,8206,Sloan,Center,Topeka,KS,30955,3
770,241,Bultman,Center,Brooklyn,NY,62587,3
771,07490,Prairie Rose,Alley,Nashville,TN,57801,2
772,19804,Fordem,Crossing,Charlotte,NC,13134,1
773,2,Sugar,Pass,Louisville,KY,39161,1
774,83459,Washington,Avenue,Corpus Christi,TX,90542,2
775,7,Westport,Place,Albuquerque,NM,14205,1
776,5159,Warbler,Park,Salt Lake City,UT,49545,1
777,0,Gateway,Place,Honolulu,HI,63621,2
778,01150,Erie,Plaza,Houston,TX,28048,2
779,16306,Di Loreto,Point,West Palm Beach,FL,17708,2
780,78208,Stone Corner,Point,Dallas,TX,58359,2
781,2383,Declaration,Lane,Plano,TX,60356,1
782,18,Petterle,Crossing,Cleveland,OH,54806,1
783,0,Loftsgordon,Place,San Mateo,CA,77203,2
784,010,Vera,Alley,Bellevue,WA,54810,2
785,830,Birchwood,Avenue,Salt Lake City,UT,19893,1
786,7108,Bartillon,Road,Montgomery,AL,90442,3
787,1835,Spenser,Way,New York City,NY,58621,2
788,19,Glacier Hill,Plaza,Boise,ID,65834,1
789,2,Vernon,Court,Corpus Christi,TX,39024,1
790,88430,Continental,Way,Peoria,IL,11119,2
791,243,Comanche,Pass,Atlanta,GA,92543,1
792,005,Pankratz,Park,Albuquerque,NM,34559,3
793,53,Blaine,Pass,Warren,MI,32291,3
794,79734,Melrose,Place,Wilmington,NC,35659,2
795,03,Del Sol,Way,Palo Alto,CA,42995,3
796,6038,Farmco,Place,Huntington,WV,17738,1
797,1,Sloan,Court,Washington,DC,69608,3
798,749,Parkside,Hill,Saint Paul,MN,95508,2
799,097,Cherokee,Crossing,Washington,DC,67039,1
800,4,Anniversary,Center,College Station,TX,24901,3
801,311,Mifflin,Drive,Philadelphia,PA,76970,2
802,0622,Jenna,Avenue,Miami,FL,59538,2
803,21,Forster,Place,New Orleans,LA,28585,2
804,642,Pearson,Center,Huntington Beach,CA,11244,1
805,18806,Gina,Street,Akron,OH,68541,2
806,06477,Merry,Trail,Daytona Beach,FL,57608,1
807,59490,Shelley,Street,Waterbury,CT,21921,1
808,53,Schurz,Drive,Jacksonville,FL,14840,1
809,6,Mandrake,Court,Huntsville,AL,90108,2
810,61,Monterey,Way,Lexington,KY,70842,2
811,30,Huxley,Center,Davenport,IA,63392,3
812,1339,Nevada,Crossing,Peoria,IL,62679,1
813,8,Kipling,Circle,Washington,DC,90633,1
814,4,1st,Point,Fort Worth,TX,49692,2
815,64546,Lakeland,Court,Tacoma,WA,57151,1
816,52,Carberry,Terrace,Jefferson City,MO,46636,1
817,14,Roxbury,Park,Fairfax,VA,93324,1
818,6,Nobel,Road,El Paso,TX,65035,2
819,29,Cody,Pass,Brooklyn,NY,50146,2
820,8,Bultman,Pass,Joliet,IL,81110,1
821,9879,Division,Drive,Memphis,TN,15930,2
822,20,Bashford,Crossing,Levittown,PA,14666,3
823,184,Hintze,Way,Mesquite,TX,84317,3
824,90,Sunnyside,Center,Mountain View,CA,94204,1
825,076,Old Gate,Circle,Fresno,CA,23735,2
826,54073,Northfield,Parkway,Charleston,WV,81200,2
827,4,Hoard,Alley,Jamaica,NY,55420,1
828,00183,Graedel,Crossing,Merrifield,VA,68986,2
829,221,Heath,Way,Kansas City,MO,90289,3
830,528,Katie,Court,Sacramento,CA,30045,3
831,32,Mosinee,Alley,Memphis,TN,47086,3
832,79,4th,Road,Fort Wayne,IN,47721,2
833,075,Center,Place,Las Vegas,NV,97656,2
834,3235,Acker,Parkway,Omaha,NE,26195,2
835,8636,Twin Pines,Trail,Montgomery,AL,62975,1
836,1990,Annamark,Trail,Louisville,KY,86178,1
837,773,Sheridan,Terrace,Pomona,CA,13767,1
838,068,Kim,Crossing,Fort Pierce,FL,37387,3
839,06,Scofield,Hill,Atlanta,GA,61428,2
840,9821,Loeprich,Street,Bronx,NY,64220,1
841,39,Cambridge,Place,Atlanta,GA,86184,2
842,951,Oriole,Circle,Kansas City,MO,25534,2
843,0544,Pawling,Street,Jamaica,NY,25755,3
844,65053,Orin,Circle,Detroit,MI,84686,3
845,78863,Valley Edge,Avenue,Oklahoma City,OK,89582,3
846,33,Oak Valley,Drive,Toledo,OH,72098,2
847,197,Towne,Street,El Paso,TX,54815,2
848,3,Holy Cross,Hill,El Paso,TX,15030,1
849,78591,Rieder,Point,San Luis Obispo,CA,78407,1
850,2,Butterfield,Point,Evanston,IL,22699,3
851,429,Kennedy,Hill,Tacoma,WA,24502,1
852,99,Fulton,Drive,Fresno,CA,59647,2
853,2617,Di Loreto,Street,Cincinnati,OH,77698,1
854,7,Maywood,Avenue,Northridge,CA,19332,1
855,05755,Doe Crossing,Lane,Juneau,AK,79494,1
856,28,6th,Crossing,Harrisburg,PA,28915,1
857,810,Dayton,Terrace,El Paso,TX,77844,2
858,009,Westridge,Road,Sacramento,CA,99504,3
859,7,Talisman,Plaza,Sunnyvale,CA,59769,2
860,911,Main,Pass,San Jose,CA,74498,3
861,5619,Pond,Alley,Tampa,FL,53552,1
862,84075,Jenna,Junction,San Diego,CA,47014,1
863,869,Golden Leaf,Terrace,Des Moines,IA,82170,3
864,45,Melrose,Terrace,San Antonio,TX,74787,3
865,8,Spaight,Lane,Louisville,KY,84813,2
866,85201,Petterle,Way,Albuquerque,NM,91249,3
867,0,Farragut,Crossing,Suffolk,VA,17068,1
868,72,Independence,Parkway,Birmingham,AL,90229,3
869,167,Troy,Lane,Des Moines,IA,21846,1
870,39,Roth,Plaza,Salt Lake City,UT,39782,2
871,613,Grayhawk,Street,Jackson,MS,25591,1
872,9587,Derek,Trail,Portland,OR,63281,3
873,6002,Hintze,Alley,Springfield,OH,21148,1
874,2716,Superior,Park,Philadelphia,PA,33927,2
875,42613,Mockingbird,Point,Indianapolis,IN,24284,1
876,71,Artisan,Court,Jacksonville,FL,25694,3
877,47,Manufacturers,Plaza,Kansas City,MO,70739,1
878,848,Ilene,Junction,Lancaster,CA,75746,2
879,2,Kensington,Center,Charlotte,NC,97806,2
880,525,Larry,Pass,Portland,OR,85000,2
881,72372,Maple Wood,Terrace,Salt Lake City,UT,43635,3
882,981,Eagle Crest,Road,Cincinnati,OH,63514,2
883,13521,Debs,Hill,Dallas,TX,63093,2
884,27193,Glacier Hill,Circle,Austin,TX,76203,1
885,7,Marquette,Place,South Bend,IN,15332,3
886,43,Westport,Center,Vancouver,WA,89965,2
887,53806,Clyde Gallagher,Court,Washington,DC,43250,3
888,0,American Ash,Crossing,Lexington,KY,99440,3
889,7529,David,Alley,New York City,NY,69947,1
890,0466,Parkside,Avenue,Detroit,MI,36333,1
891,39,Kensington,Point,Valdosta,GA,99924,2
892,480,Old Shore,Way,Saint Paul,MN,14086,2
893,74,Thompson,Junction,Beaufort,SC,12752,3
894,49078,Mcguire,Trail,Monticello,MN,12902,2
895,8687,Lukken,Center,Birmingham,AL,51154,1
896,95354,Miller,Center,Nashville,TN,95442,2
897,29222,Melby,Road,Kissimmee,FL,95958,3
898,1837,Steensland,Center,Albuquerque,NM,30425,2
899,0400,Muir,Crossing,Birmingham,AL,22165,2
900,33,Heffernan,Center,El Paso,TX,68588,1
901,5,Carpenter,Street,New York City,NY,33329,2
902,44,Maryland,Terrace,Kent,WA,27777,1
903,66486,Corben,Circle,Biloxi,MS,70943,2
904,54,Elmside,Trail,New Orleans,LA,70610,3
905,96,Lakewood,Point,Flint,MI,44253,1
906,3,5th,Way,Louisville,KY,93783,2
907,95,Quincy,Alley,Phoenix,AZ,28428,3
908,202,Anthes,Pass,Portland,OR,54384,1
909,1222,Waubesa,Plaza,Anchorage,AK,77502,2
910,1,Birchwood,Trail,El Paso,TX,89034,1
911,86552,Hermina,Road,Memphis,TN,35632,3
912,2759,Heffernan,Court,Phoenix,AZ,29956,3
913,72057,Jackson,Plaza,Phoenix,AZ,17633,3
914,22,Lyons,Court,Cincinnati,OH,50155,3
915,6,Stang,Avenue,Shawnee Mission,KS,48653,2
916,95504,Mosinee,Trail,Tulsa,OK,13369,3
917,90,Donald,Alley,Chattanooga,TN,59791,1
918,7257,Lawn,Way,Washington,DC,22266,3
919,52,Weeping Birch,Avenue,Cincinnati,OH,50223,3
920,36,Delladonna,Road,Arlington,VA,64897,3
921,7,Kings,Alley,Fort Myers,FL,98539,1
922,8,Arapahoe,Place,Pittsburgh,PA,70787,1
923,04,Fairview,Crossing,Shawnee Mission,KS,49287,1
924,0,Center,Place,Columbia,MO,87346,2
925,001,Sycamore,Road,Baltimore,MD,30649,3
926,7,Bay,Terrace,El Paso,TX,46903,1
927,594,Dixon,Pass,Inglewood,CA,74286,1
928,98,Grasskamp,Avenue,El Paso,TX,21443,2
929,991,Scofield,Place,Saint Louis,MO,48324,1
930,0,Homewood,Pass,Denver,CO,78524,2
931,2205,Chive,Hill,Las Vegas,NV,20576,3
932,15,Michigan,Trail,Omaha,NE,12401,2
933,97,Golf View,Point,Houston,TX,24699,3
934,63479,Oneill,Way,Pompano Beach,FL,45343,1
935,7,Morning,Road,Knoxville,TN,38792,3
936,988,South,Trail,Buffalo,NY,13203,2
937,9,Pankratz,Lane,Memphis,TN,49185,3
938,1,Garrison,Alley,Fresno,CA,89945,3
939,564,Bellgrove,Hill,Atlanta,GA,45406,1
940,915,Thierer,Junction,Sacramento,CA,18164,1
941,0528,Fisk,Crossing,Tacoma,WA,41561,1
942,8,Oakridge,Pass,Spring,TX,34185,2
943,24948,Florence,Point,Tulsa,OK,99818,2
944,5,Tomscot,Avenue,Hartford,CT,95233,1
945,92424,Clemons,Avenue,Lubbock,TX,14302,1
946,8,Toban,Plaza,Frankfort,KY,69115,3
947,280,Reinke,Parkway,Detroit,MI,68116,3
948,4,Arapahoe,Crossing,San Bernardino,CA,70598,3
949,6712,Maple Wood,Junction,Cleveland,OH,87293,1
950,267,Vera,Pass,New York City,NY,97587,3
951,7243,Ridgeway,Junction,Newark,DE,19887,1
952,4,Portage,Circle,Dallas,TX,88422,1
953,96829,Hollow Ridge,Crossing,Pasadena,CA,29090,2
954,1,Canary,Terrace,Saint Paul,MN,57866,2
955,98025,Prentice,Crossing,Arlington,VA,89457,1
956,1,Anthes,Parkway,Fort Pierce,FL,13113,2
957,9,Kingsford,Plaza,Evansville,IN,24807,3
958,2968,Trailsway,Avenue,Newport News,VA,85966,2
959,868,Ramsey,Parkway,Newark,DE,79207,1
960,1,Banding,Way,Birmingham,AL,31089,1
961,607,Lerdahl,Street,Virginia Beach,VA,17887,2
962,8,Independence,Trail,Corpus Christi,TX,93664,1
963,227,Browning,Hill,Sioux City,IA,47283,2
964,68433,Surrey,Terrace,Montgomery,AL,46664,1
965,65582,Blackbird,Center,Temple,TX,85134,2
966,39,Mallard,Lane,San Diego,CA,63587,1
967,9,Waubesa,Circle,Davenport,IA,59182,1
968,34,Schmedeman,Court,Raleigh,NC,96290,3
969,99,Sunnyside,Way,Hagerstown,MD,12896,3
970,1612,Utah,Place,Honolulu,HI,91976,1
971,61411,Darwin,Place,Plano,TX,96541,1
972,9882,Anthes,Point,Aurora,IL,50956,2
973,060,6th,Trail,Battle Creek,MI,67056,1
974,5,Forster,Parkway,West Palm Beach,FL,14253,3
975,635,New Castle,Avenue,Reno,NV,55050,3
976,614,Doe Crossing,Drive,Boston,MA,81529,1
977,0145,Granby,Pass,Washington,DC,62794,2
978,3,Jay,Plaza,Clearwater,FL,15764,2
979,18940,Daystar,Crossing,Portsmouth,VA,76506,2
980,14,Aberg,Street,Houston,TX,92166,2
981,6,Meadow Valley,Junction,Austin,TX,51406,3
982,20,Columbus,Plaza,Lancaster,PA,37013,3
983,882,Dahle,Point,Baltimore,MD,97809,3
984,2624,Muir,Center,Bloomington,IN,59574,3
985,8808,Toban,Crossing,Arvada,CO,68468,1
986,949,Petterle,Court,Houston,TX,38642,3
987,3868,Reindahl,Pass,Albany,GA,33535,1
988,1,Continental,Circle,Cleveland,OH,65289,1
989,49,Mariners Cove,Parkway,Tampa,FL,96328,1
990,555,Carioca,Street,Richmond,VA,86724,3
991,3,Eastwood,Circle,Saint Paul,MN,17332,2
992,4,Drewry,Parkway,Charleston,SC,49982,2
993,3,Mcbride,Center,El Paso,TX,89798,3
994,89,Del Sol,Drive,Canton,OH,22687,1
995,092,Corry,Hill,Jackson,MS,58892,3
996,34351,Nelson,Pass,Fort Pierce,FL,30992,1
997,9,Sloan,Alley,Saint Paul,MN,35524,1
998,71625,Nobel,Circle,New York City,NY,57418,3
999,6626,Havey,Trail,Orlando,FL,62993,1
1000,3,Mayer,Trail,Nashville,TN,69331,1
