inventory_item_container_id,inventory_item_container_name,inventory_item_container_size,inventory_item_container_measure,inventory_item_measure_per_container,inventory_item_container_price,inventory_item_container_par
1,s1IccW2pCA,XS,gal,2054,751.22,10
2,6TXtpSjWX,L,lb,7635,838.54,16
3,5iyYgd,XL,oz,3445,971.65,20
4,dwDh2ARKAD,S,per pack,8067,88.59,8
5,NopMqi2,XL,gram,908,501.25,18
6,sDfE3vkw,L,per pack,2549,173.33,1
7,iZ0mnBenVi,L,gal,8556,457.47,20
8,YyGVjsm,L,gal,9733,269.71,9
9,Ar6YWS5q,S,oz,9792,203.55,14
10,0Z1Bfhv0lH,XL,oz,8072,758.15,14
11,1D0ufMWpiw,2XL,per pack,6135,522.59,5
12,LTiRU2O,XL,lb,9149,251.63,3
13,uMOMJmr,XS,lb,9200,450.41,17
14,grKcUI,XS,lb,551,459.24,7
15,tNjPxMeJ4r,2XL,mL,4547,678.84,6
16,lFVZXE,XS,lb,8444,383.04,19
17,jykgst,XL,lb,3385,543.41,5
18,elhX3GN,S,mL,6557,613.48,15
19,sOmXAk2m,XL,mL,3576,583.98,19
20,jwMgTXQdk3fI,3XL,gal,5500,215.02,18
21,Gbptiabj,XL,oz,1327,309.45,5
22,jSE4rzNdZd,L,liter,5984,247.24,20
23,utEpInu0tGvR,L,mL,1970,34.26,18
24,taIiy02HhiW,XL,mL,7050,369.62,10
25,TiDrZA,M,gram,8344,294.14,2
26,NYkntU1KS8,XL,lb,4833,545.8,14
27,gKOxe95,M,lb,3677,106.79,9
28,IzhBE7e,L,oz,1148,515.26,1
29,lQp5on4Riu,2XL,liter,4359,388.0,7
30,gV6ggPhYf,2XL,gram,9659,832.08,18
31,zlhFe9Tdk,L,mL,2170,192.53,19
32,plXq8E,2XL,per pack,9404,804.09,5
33,nQDVLD1u,L,gram,5665,946.81,19
34,PMCzbzSMhlX1,3XL,oz,2960,593.97,19
35,QULBjk,3XL,mL,3413,68.41,7
36,7y3DqZJXVXp,M,gal,9880,379.36,14
37,nsZERvJO,XL,mL,5255,151.51,18
38,HJH5PRaRxS,XS,gram,286,80.42,18
39,yjOKgNDYs8MD,XL,gal,5916,472.55,11
40,s3BJxq,XL,oz,6627,764.77,12
41,nI03xz0Oc5,L,gal,1458,712.52,1
42,O9q5S9HkK7O,XL,gal,7843,522.11,3
43,qyxoqzOi8k,L,gal,3558,93.86,20
44,gnz98JX,S,oz,9220,409.97,7
45,2C3qm43ZqJjf,2XL,per pack,4273,161.69,7
46,14MciDP,M,per pack,5304,845.26,3
47,byaieViYMsIZ,M,liter,6199,72.33,6
48,vB7TTKE5Lay,3XL,lb,8952,702.4,4
49,8Fzpp0B,3XL,lb,2296,531.62,8
50,3NXb0Hczkd0,S,liter,5423,993.08,10
51,gQ1770,3XL,lb,7781,957.21,6
52,RHWDwNRd,XS,gal,62,339.2,13
53,i9TIHPlfKw,M,lb,7288,393.36,16
54,EcvaQq,2XL,per pack,4421,743.99,10
55,miQME0TpIch,S,gal,5916,291.81,1
56,NYMVgXZ7Jtb,XS,gal,9534,586.97,18
57,G9zPomDxkn,XS,per pack,5664,586.11,11
58,jkSuUxEw2,M,gal,8906,53.92,4
59,ZwI8QYyIO,L,liter,2179,141.97,16
60,KP72UWGeFbf,2XL,per pack,9874,631.74,12
61,Zm0qN2,XS,gram,8471,142.93,2
62,uY8oZJsN7UzM,3XL,mL,6319,309.87,15
63,g19mEKGL,3XL,gal,1368,393.49,3
64,GnXZM3B,2XL,per pack,5434,49.25,9
65,aw0cbqAEDsD,3XL,gal,4591,665.53,9
66,9NGSi6,L,mL,4412,708.3,18
67,FXneQbeg,L,gal,2755,444.08,11
68,WZTHua,3XL,liter,8886,653.74,20
69,TeXbF9Jc,XS,gal,1117,454.84,9
70,KgVVt1Vi,XS,mL,1737,161.72,8
71,tEksNH,2XL,gram,454,399.15,7
72,yfFq1xrr5X4,2XL,oz,9918,661.52,11
73,FWRuK1Xx,XL,liter,5690,590.03,1
74,W6Am73ma,L,per pack,4975,607.08,17
75,NaYH5f6KBM,M,lb,2164,275.43,14
76,0IPpKSkt,S,gal,5973,338.33,15
77,ngsXkvS,S,liter,525,640.97,2
78,A99YFf,2XL,liter,960,559.63,6
79,VjQTslXF,XS,per pack,2387,973.39,13
80,XXXwQRJ6Y,S,lb,8127,359.84,12
81,DsQqxp,XL,mL,5339,416.59,3
82,EWD7NYa8Rv,XS,oz,7526,610.85,5
83,H6apuPyMa77X,3XL,per pack,7634,532.5,2
84,EXfeV908ZSO,3XL,lb,7622,796.02,14
85,huq0SCL,M,gal,7448,136.14,2
86,WbqHeHP7EMdA,2XL,lb,9516,967.53,1
87,TIRQQk,XL,lb,8831,832.78,6
88,8JiFCRF,3XL,liter,6200,383.43,16
89,IPfSCQ29p6y1,S,lb,7272,685.53,2
90,CTBlfB9Y,XS,per pack,2369,283.72,5
91,SjOR9oTPO,L,oz,9315,271.24,16
92,1vhJmKw,S,liter,1058,330.66,11
93,iuERrdj,M,per pack,8922,84.67,19
94,VWabO8,M,gal,3763,153.6,1
95,M64xkPjjC,S,oz,5166,712.33,8
96,OTM7P7,M,mL,3260,647.9,10
97,KWaO76c,M,per pack,8754,821.02,12
98,FXZgL5KeIEF,3XL,gram,3502,678.02,10
99,zKqW5l8LbiB,XS,oz,560,582.86,17
100,IM7erXH,S,liter,5753,917.95,10
101,qtOm9KGM3uz,XS,per pack,9265,884.15,16
102,V1cTE2IrjI,XL,oz,5230,508.81,7
103,iT9T89B7X1D,L,oz,2791,238.65,9
104,VXiJdfqIC,3XL,gal,3369,386.71,14
105,44Mkn3xz,M,mL,4785,352.88,4
106,IdCdPCK8Sy6B,XS,gram,8747,520.55,1
107,TvGlM0w,XL,gram,1777,529.76,9
108,efk98Bl,M,gal,4516,864.52,1
109,1asZAPFK,L,per pack,6491,756.0,19
110,At1Bhcj5Zh70,L,gal,5839,972.49,17
111,HMygqKEnW8RH,M,lb,1001,966.28,10
112,oMQvQInjp,2XL,liter,3813,299.93,4
113,JnqDRZK,S,mL,8303,158.92,6
114,RMS6tU6,2XL,gal,8489,113.63,7
115,L12NitxNQtp,S,per pack,3845,98.42,12
116,pSUVYSVc,3XL,gal,26,887.65,11
117,B6pEhwRU0k,2XL,gal,8661,869.96,17
118,cWAfq8l8G,XS,gram,183,832.07,3
119,FFDuxDQ,3XL,gal,8778,645.56,6
120,KOd3vM3q,2XL,gram,6625,237.74,6
121,9htHsMBGcz,S,per pack,810,845.22,3
122,CeQLqtkN1,XS,oz,600,78.0,19
123,4x8vOGral,2XL,gram,3123,687.08,16
124,hzPJtb4RzE,XL,lb,8780,128.47,2
125,RoXmZcNx949,XL,mL,8996,184.29,3
126,ZgCZXyNY1Kl,M,mL,1863,363.05,1
127,ZJUGcpQ,S,mL,8331,736.23,17
128,7vGgkiI,2XL,liter,4829,96.15,8
129,thkxzqu,XL,mL,1035,415.84,7
130,SEHfmE0RaXVI,3XL,mL,9397,745.69,3
131,tXgutFOcIrlX,XL,oz,5770,648.09,14
132,4hcBiaMop,XS,oz,9804,866.55,10
133,AOYq5AnwdLYD,S,gram,5811,711.58,10
134,9xemMVuCYT,XS,oz,3429,49.54,7
135,T4irZPFPUtq,M,liter,921,138.33,16
136,tV1fZJwp,M,lb,2423,5.99,9
137,w2oP8F2C1r,L,liter,515,912.19,10
138,r0b704UG,XL,gram,269,879.36,3
139,qkV4OPuPnK,2XL,oz,3345,519.29,1
140,KF30WQRzdVd,XL,gram,3825,51.7,20
141,ZexiZ9ywRrL,XS,lb,9863,302.44,20
142,WHdfd9,2XL,lb,121,134.28,20
143,QP3j80,M,gal,8961,705.25,6
144,VMEAdW2SxqW2,XS,liter,366,140.47,12
145,QIY87hKUpa,2XL,per pack,1982,781.63,10
146,A6vI5zCz,XS,gram,1467,712.95,6
147,Vo1ZN25Z7,XL,oz,4316,824.76,4
148,fBA7CyUHQ9m8,XS,oz,4643,504.73,9
149,h5ie3J1rPs,M,lb,2077,452.23,3
150,O7HheY85revu,XL,lb,1879,961.19,14
151,opbibPxwtOlG,3XL,mL,9230,259.45,7
152,FpFenk7,M,mL,7087,967.99,2
153,Z57ahgxhRd,XL,mL,2803,589.8,16
154,DzSwNyUpGuqC,3XL,liter,6551,799.68,12
155,fA7KRhmeho,XL,mL,1158,314.93,9
156,caGf2Mm,3XL,liter,6913,140.69,6
157,kpbQgqFfRz,L,oz,4685,649.23,1
158,gd1AuvzI,L,per pack,6198,612.5,9
159,xJjJ1hzhMfx,3XL,mL,5511,376.52,14
160,lmcyyaA,3XL,gram,3084,7.66,19
161,bTJMgjHS,L,gal,6163,739.53,1
162,iCxLNCQFnER,XL,liter,5998,172.43,15
163,fhYv9sCR,S,oz,6122,444.87,18
164,5oFIrI1f6p,2XL,gal,5655,786.0,3
165,gPRGjsRmoJZ,S,per pack,9288,441.86,5
166,s6yrU69kI,M,lb,7923,901.35,8
167,mehIJfsCQMi6,L,liter,1187,178.77,10
168,tYB3FYSwNu,M,lb,612,569.9,2
169,RLLPYt1n3,XL,per pack,8892,144.72,15
170,KJdCfp3eF2,XL,gal,2041,60.39,9
171,WAFcS92Xft,S,gram,9717,867.85,13
172,MXk5tlaykdS,3XL,gram,3033,153.51,8
173,qYyfn4zUJO,3XL,lb,9814,950.56,6
174,6S8BRy9t,XS,gram,4577,719.89,8
175,YkMZyJLp,XS,gram,2145,812.88,13
176,7rCLoALqsATB,XL,gal,1641,641.96,7
177,OMehhF4G4FLC,S,gal,9115,14.37,13
178,21AU9mC,XL,gram,8732,168.97,7
179,aq8BAYQVx4iU,3XL,mL,1574,14.88,15
180,JfZQGaE,L,gram,1590,256.04,13
181,hL03VHvddHy,XS,gram,759,757.71,13
182,9U8YAB,2XL,oz,8129,549.67,17
183,amit5PBegFzd,2XL,gram,7746,530.39,11
184,vW1FvW21,M,per pack,5438,621.49,16
185,7auFE5Dh,XL,gram,688,468.94,6
186,6q9weWuZEFy,S,liter,294,642.79,19
187,7ywMrvY0E00,L,oz,3148,28.65,8
188,O5rQgdRf,3XL,gram,8587,391.17,18
189,0sxLHiLNs4,3XL,lb,8897,401.75,11
190,rEpOFnzH6,2XL,lb,9648,210.09,17
191,1zzMmsaNzk,L,oz,677,637.44,7
192,EILkaGfN7t,L,gal,5797,889.6,20
193,Ax58aiR,3XL,gal,8715,657.46,8
194,Q3c9IjXdJd,3XL,per pack,6219,847.21,6
195,yd6NaEuyFny,XL,gram,3703,313.03,18
196,oD5Rt6Nszbrf,L,gal,5119,441.6,12
197,mW7zCe,M,liter,1693,843.73,3
198,wG8hA3fO1Og,3XL,liter,8236,793.73,8
199,CxXIslQIHAPQ,S,mL,2384,949.96,13
200,XoY1VqiUE2oL,2XL,gram,7390,567.94,6
201,3RSBus,XL,mL,9885,595.82,18
202,eo8Hhx2TovkB,XL,oz,5021,241.41,12
203,3qlzpWInW,XL,gram,557,881.99,2
204,AfmRpUy77,M,gal,8749,902.1,7
205,6Q9KakgHhv,XS,lb,512,204.35,8
206,jtjbrB,XL,oz,2301,820.01,4
207,Sucj8et3GN,XL,liter,1260,452.16,10
208,24x2vwfSBX4,3XL,per pack,2490,560.58,1
209,Z6RcjXy1,3XL,oz,3034,991.27,16
210,puULZd,L,liter,7004,612.56,16
211,99NddLmrH083,2XL,lb,8610,366.98,3
212,FNLNm3Qi,2XL,per pack,223,456.16,7
213,2zmmYEqhE,L,per pack,8727,724.03,16
214,lePax2cC5,2XL,mL,2299,392.24,1
215,YSSFk69I4KC,XL,gal,6176,832.75,9
216,zLsyk05Gyjk2,S,gram,5094,362.16,9
217,QG6T8Y7ckc,XS,oz,5045,160.53,7
218,ZtnXidwNX,XS,mL,9146,191.43,16
219,IsDOWVhBQIhx,3XL,oz,4652,971.77,13
220,iDJc5nkp6FX,XS,mL,124,26.7,7
221,BdgYbDzKdPY,XL,lb,8529,649.49,2
222,4LnmC5Df26,2XL,gram,7038,878.56,13
223,8rnFPGoLf8,2XL,oz,9073,671.02,20
224,8HDO1WFwwG,S,liter,8956,150.73,16
225,DEZaVWne3,S,gram,1630,554.89,3
226,2Q1HGE,L,mL,6462,57.9,8
227,INvmAx5PpQF,M,mL,9400,205.99,13
228,Nvn8Xbg,2XL,per pack,5897,376.2,13
229,tgOrAe,2XL,gram,2085,485.36,10
230,h3ko7DdZRmZN,XS,oz,2539,713.39,17
231,kOKtKg9,S,oz,1670,849.51,10
232,6Wv7jG0i,XS,lb,395,755.66,9
233,RPaI99lx,XL,lb,1538,390.22,17
234,qGvIQyJQ,S,oz,1322,880.37,18
235,ool7txImlH,2XL,liter,4730,411.71,12
236,WmBgyW3m,3XL,gram,2267,942.76,11
237,LrS93ksld4Xx,L,mL,7222,63.55,9
238,PfBpcuaznK,XS,lb,3265,923.48,4
239,H5RY9F,3XL,liter,5691,276.42,10
240,PGTwd2yYwpU,XL,lb,6563,502.93,11
241,rgpPEiWWzSN,XS,oz,7019,818.59,14
242,KF7D4y,3XL,gal,5887,632.91,13
243,b0IWmU7k,S,lb,7646,927.86,5
244,D6KqN4rHo,L,lb,8833,643.61,14
245,vJ88wWZHMCp1,3XL,oz,2288,763.77,9
246,7XoEA4d,S,gal,1662,221.28,19
247,sU8lZNdnoVU,M,gram,1856,855.94,9
248,Rm3UfjU1Vw,S,liter,5496,997.87,10
249,upSJA1R1u,3XL,liter,3379,430.92,12
250,3kvVfESx,2XL,liter,3710,620.8,18
251,rx3pxQ,XS,gram,9146,674.08,17
252,sxb96tAXiDq,M,lb,9640,547.14,15
253,IBFQDn,XS,per pack,3537,456.31,16
254,Zjb41GM,M,mL,7264,497.34,18
255,tcCQbjLYm,XS,per pack,3794,618.67,7
256,7Cvvfu,M,gal,6286,432.23,15
257,mmnvqvBNdpu,XL,gal,1672,505.71,10
258,JktC2mkVE,XS,gram,740,34.24,20
259,xDPfR5aKbI,S,oz,7543,288.09,16
260,4eERnAhkA3MF,3XL,gal,9675,383.22,4
261,c6IaFZboS69,2XL,lb,3516,84.58,17
262,M1PIEc,2XL,per pack,3242,482.44,10
263,WhyllbKJro,XL,gal,8502,195.53,3
264,1sNrQSQwn,M,liter,8003,654.7,9
265,VCwQ3qP,L,per pack,190,41.15,8
266,D6CgYbr,M,oz,1542,636.01,20
267,YmgUDnuOtw,3XL,lb,2318,955.92,19
268,MkH3ihtE0oMj,L,gram,2170,827.67,12
269,0a4RtdUusN,XL,gram,8064,958.09,5
270,00Wry6CMZ3Na,XL,gram,7697,21.94,11
271,uu8cj2P,S,lb,6716,999.89,19
272,qnTk4yaV9NiQ,XL,oz,7255,903.42,4
273,5Ovjjw6r4,S,mL,7387,701.36,18
274,iVEeZvNG,2XL,per pack,5738,830.96,1
275,kB4aIE,3XL,mL,1019,945.26,6
276,XKaOjNOLbFe,XL,lb,1547,78.29,11
277,lMXuT0mnT,2XL,per pack,7814,436.83,17
278,1a69ortS8Q4,3XL,per pack,8548,782.29,13
279,ZsYJzD,L,lb,4282,456.77,2
280,ugDBGI5QSN,XL,liter,5195,902.14,8
281,IHGEtPhxq,3XL,lb,492,137.36,17
282,Fd4bwLOzxb,S,per pack,1283,766.07,9
283,lB5hMtnbxzn,L,mL,2722,854.12,4
284,HtQpIedML,S,per pack,568,380.73,14
285,6ynbKiETa,XS,mL,14,173.69,6
286,azggd18z0zy,M,mL,4391,493.74,18
287,HbGQEpAVxV8x,XS,liter,6296,570.83,10
288,ml3EQNOHou4h,2XL,mL,334,286.58,4
289,OXvF4J1wlJ,S,gram,6289,69.21,10
290,G9BnguYc8Pn1,M,oz,3612,748.42,3
291,FZ2lPk,M,gram,2553,363.8,12
292,EfFb5F53kh6,3XL,gal,3800,49.58,1
293,P3mUPbGbuJ,L,liter,6905,276.97,19
294,81inhqbo5M,XS,per pack,4453,200.88,16
295,Dd88F0VcZz9G,XS,gal,7218,439.77,4
296,KnR0ejYep4c,2XL,gram,2937,958.77,1
297,UVoaXi7JfyAd,M,gal,8232,708.1,5
298,VGC65SPNaRs,3XL,lb,2617,696.72,7
299,4lzprx9Y,XS,gal,4659,68.5,5
300,b1C51W6p2oG6,M,lb,5414,62.01,6
301,apwsacCeQ0OD,S,liter,5284,671.62,17
302,teZ9Xb6Y4lgT,3XL,oz,1400,364.54,16
303,kerVHqv,XL,gal,5274,40.58,9
304,7ZS0YVau5,XL,mL,5606,399.76,1
305,B3Gmlw7UkJFg,XS,lb,5165,754.89,17
306,QFSwffqRu,XL,gal,2791,764.21,6
307,0aoUrGJD,2XL,lb,6259,644.07,3
308,RSkFZ2Hbm7,2XL,lb,6342,582.66,4
309,1AEuOymY,L,lb,5603,912.53,2
310,Q0vtPiY,2XL,lb,3651,102.71,12
311,5O9bD3,M,lb,6528,865.51,15
312,PegXuOh,2XL,lb,6419,724.85,18
313,4NtX39Or,M,lb,6435,191.34,3
314,gFbvNRnau2,XL,lb,2034,702.79,3
315,PGj9kRDjI2L,M,per pack,4055,34.24,5
316,zDx07Q5as35,2XL,lb,7837,423.14,6
317,5O1SVg,S,lb,7419,990.74,12
318,2CI72PSYBEh,3XL,gal,2408,919.38,17
319,Drj8TQ48k9,S,lb,4771,134.36,8
320,XBCS2gHqmIFF,XL,per pack,3301,532.38,12
321,FfKg0U,3XL,gal,5136,248.66,14
322,wmyO75iPj7AA,XL,oz,3461,976.6,15
323,WvM71Go,XL,liter,8843,406.45,15
324,pRXyAz8K8p,2XL,gal,7081,262.89,3
325,Xy0QYL,3XL,mL,6085,703.92,10
326,2bM0FAeJ,S,per pack,9688,543.37,18
327,krTcR2t,3XL,per pack,517,879.53,5
328,Y0eWij1,S,oz,3467,958.53,11
329,VvsBdq,L,oz,8228,756.67,6
330,9B0CPgtcZH,XL,gal,4854,930.82,4
331,fFiTDLx,XS,gram,5423,752.96,6
332,13wunthSX1w,XS,per pack,2028,97.47,5
333,GtBruCOePtnp,2XL,oz,4887,106.1,1
334,1Uu80d,S,mL,2545,21.51,10
335,GpbWL3FQG,3XL,liter,5358,669.36,2
336,MhkgSEl,L,per pack,6123,369.09,12
337,x3M5pC,S,gram,9928,648.4,1
338,llggzPALh,XS,gram,5142,752.79,17
339,CoTfMff,S,gal,4776,368.55,4
340,wPUbbMb,XL,gal,8025,455.82,18
341,9yJjbfIfE9L,XS,oz,8239,382.16,18
342,odtDs1,S,oz,8437,733.35,1
343,dk5huWuvaS,M,lb,3468,911.41,16
344,Ln0zBDsbxd,XL,per pack,7530,278.06,3
345,E8XanGs,XL,per pack,2323,305.35,13
346,v0kl8jtXMJoc,M,gal,8826,596.13,12
347,Lz5TDEK,3XL,oz,6443,46.47,11
348,0rkZOePgT,M,lb,8501,175.21,17
349,IIJxaa,XL,gal,1576,182.99,8
350,0r2jG4ziUqMA,XS,gal,5292,56.43,19
351,mcyqeMTj,3XL,oz,6618,665.81,1
352,jAm0v7O,S,per pack,2697,272.01,8
353,GLxVdX,M,lb,3378,406.63,17
354,L2n744x4,XS,mL,2855,13.49,4
355,CHe1h4,2XL,lb,4609,716.71,5
356,uiSDOGL,L,oz,8006,506.08,8
357,tZazeHE0,2XL,gal,5731,394.27,17
358,XG5CytcxNbr,XL,per pack,8572,286.76,9
359,rWWcbvvxW,XS,gal,5782,510.81,14
360,tdbvtaVFY,L,oz,8062,57.86,14
361,iRdeu27Q,M,mL,7402,277.87,1
362,nnIBq7nnG,3XL,gal,1659,144.31,9
363,4fJyBh,3XL,per pack,5048,771.71,9
364,TlDaDnnVs,M,mL,1355,425.07,17
365,YWsmcnbht4N6,3XL,mL,244,306.58,20
366,OrmDugqfiY,2XL,mL,7137,655.24,16
367,JIB7NOuKvQ,M,liter,7119,254.78,15
368,wGyxao6XNt,M,lb,4129,857.6,2
369,1vXeF5es7iPl,XS,liter,2563,65.76,12
370,aldAp5j,S,gal,9740,844.71,4
371,h8TIfB,M,gram,9020,212.65,12
372,q42wqT7LG4X8,S,lb,9018,203.97,14
373,GFafuEeKt,XS,oz,8514,772.19,1
374,EiMf4aMx,M,gal,6832,234.89,6
375,gPkTYY4kKGn7,M,gram,9799,497.27,7
376,cRnVNbnbo,L,liter,2539,336.25,20
377,IXfJcVgV3KW3,L,liter,9291,836.09,4
378,YdqzqWlFQ,XS,per pack,1401,965.04,8
379,U25ZO8zpx,L,per pack,1654,525.96,7
380,3oYa8U2,XS,gal,9644,919.9,15
381,BO0uEkA,2XL,gal,9455,85.19,14
382,MlKuVrio66,2XL,oz,3199,955.42,19
383,SAznOFlNaPD,3XL,per pack,1511,428.75,18
384,EsdTFKb2rQ4,XS,mL,6550,666.65,17
385,pZJSax,3XL,liter,8254,292.49,19
386,fa68jyN,2XL,lb,120,721.94,17
387,h5SE6cZ,XS,gram,4145,66.51,8
388,VxPeMwecHR,M,liter,709,672.01,7
389,pOzaW3c86,L,gram,8911,533.69,14
390,ggvd2ym,S,gram,8277,405.78,17
391,uPexAhzq,M,liter,7440,592.37,15
392,gsyL5VY,L,gram,804,936.45,16
393,4OkUXINwAM,XL,mL,1751,436.12,3
394,cEzJudENyR,M,oz,7025,766.35,2
395,kGFILz9ZWT,S,gal,5970,617.02,16
396,XhwRBJnFnkf,XL,per pack,9859,879.09,5
397,082KeiOq,L,mL,2575,100.75,15
398,nPdOqrs2cTtn,XL,liter,8730,845.02,10
399,7MWEwf2,3XL,oz,7143,643.84,17
400,Ur7KN5,2XL,per pack,6427,145.94,12
401,ClMzsx,XL,mL,6665,322.7,3
402,64RlX6S,2XL,mL,8770,864.2,13
403,8sFe7ZVWUB55,3XL,liter,8289,818.21,3
404,0cU2QtntTHa,S,liter,6064,611.08,14
405,M4IakaAEvSQ,2XL,liter,8393,9.84,16
406,H5DDAAsf1Y,S,gram,4625,377.56,20
407,aDjDn62LwaTc,M,gal,6236,63.54,4
408,ooKZWfGIS,M,lb,3631,73.59,2
409,2tEWVzILT8v,XS,gal,2303,784.98,16
410,EFQqGuai0,M,liter,2119,779.78,2
411,TPZwK7mXBb8,XS,oz,5723,371.81,8
412,Wo9pmg,S,liter,3981,176.66,8
413,OyNaCAo,XL,mL,4101,156.24,20
414,LKOsYBCMfywX,S,mL,9688,852.6,2
415,2VgGLNzaoN,S,gram,1316,172.53,2
416,5s2CSYggZV,S,per pack,9447,700.11,17
417,udPDhAdk,M,mL,8926,80.94,9
418,WAX9rjB,2XL,gal,6723,364.38,17
419,c38EImnlo7,2XL,liter,415,266.31,6
420,QytXoBlB,L,lb,3979,298.28,3
421,XCohWay,2XL,oz,8031,4.34,3
422,PMCQL9e,2XL,liter,114,207.45,10
423,FFVL2hlmzTI,M,lb,1320,608.18,15
424,Kj3397e,XS,lb,1320,766.49,13
425,YsfUo7a7eIyB,L,liter,8003,150.63,15
426,1gTqFntBF,2XL,oz,2142,537.79,11
427,xb4paFdjn,XS,per pack,8474,287.88,5
428,zF7j4HV8L6r,2XL,liter,5107,506.9,13
429,t4YEQrLyW,S,mL,9400,219.79,12
430,XEooIZH72,XL,mL,9429,290.97,5
431,624ml2R0qk,M,mL,157,455.02,8
432,RclSdck,M,gal,5215,304.83,13
433,I8HRDh4QH,XL,mL,4787,981.02,5
434,Ds4TjbvtgD,XS,oz,393,833.81,20
435,NKPDAfgTD6x,L,lb,8406,190.93,18
436,LMs5I4LVOAup,XL,lb,7903,141.81,5
437,F2tBA2kVbl,L,liter,261,264.21,8
438,mNKkKQyjO,M,lb,9300,825.27,10
439,bhqCVzw,XL,lb,7371,674.43,8
440,79DrRhka,XS,gram,3191,880.47,4
441,deFrjPphcq5U,XL,gram,4713,856.44,1
442,70twaVc6Alaj,L,gal,500,108.53,5
443,A1quMlOAxmTe,3XL,gram,3431,906.9,5
444,lFec8j5Y3O,S,mL,840,396.99,8
445,qcSdGjDVN6gT,XL,mL,6162,794.55,14
446,ypveVFA,M,per pack,3756,398.91,7
447,6vLo94bO0,M,per pack,2668,461.65,8
448,qhips2grkCoV,L,gram,8110,270.0,20
449,Rgc6mcTvZR,XS,lb,2282,827.46,9
450,Nphused,3XL,per pack,8949,332.12,15
451,RUFdkke1,3XL,oz,8297,156.82,16
452,g18kQB3,L,liter,8519,970.31,16
453,Q7bJLz07Rw8K,2XL,per pack,2397,506.24,9
454,A0GwLH6gQc,XS,gram,3479,365.8,12
455,ce6ifEfkb,L,mL,1800,356.71,7
456,V5JVZRZ7W,M,lb,1059,373.25,14
457,oh4khzrF,XS,per pack,4729,49.24,11
458,eirQ35I5,S,gram,1151,230.74,14
459,dX0aSOFweUSC,S,gal,9913,87.55,18
460,doAQzt,XL,oz,1282,393.38,17
461,w3zPUyGAaL,S,gram,7743,319.8,15
462,tIEtFW9T,S,per pack,2619,703.45,10
463,UI43b3m,S,mL,8637,307.67,9
464,D7SNyi5JSb,XS,lb,1629,990.84,9
465,wH39sI3xqya,S,gram,1106,865.53,10
466,s1fd0XYJRAh,XS,liter,4939,593.44,14
467,v2cJtS,2XL,per pack,9187,872.18,1
468,A5DxfngI2pTc,3XL,mL,2936,925.41,12
469,49UVij,2XL,gal,3287,768.82,1
470,f6Lc59,2XL,liter,9548,682.97,6
471,nCB3nv,2XL,gal,1440,721.73,18
472,bUMbycQTGmMn,3XL,gal,1957,962.94,16
473,QyZyWeHvm,2XL,per pack,1739,370.17,6
474,oVtfs8RKbQJM,XL,lb,8939,845.01,6
475,pG3oW4K,XS,gal,3757,249.7,5
476,mYIOIVHC,M,mL,989,81.74,15
477,JlUYIkhXZ,3XL,per pack,5419,889.95,8
478,dmGu6IJF,L,per pack,757,212.79,15
479,VimTxU,L,liter,9885,998.28,15
480,Pqqz4CAvopPb,S,lb,5090,372.52,2
481,UaF8Ek1MVWRm,3XL,lb,4836,6.37,20
482,LuomR1VbJWR,S,lb,5741,841.9,18
483,CAcaIwsh,3XL,gal,5424,936.03,16
484,e83gy4G5N0,L,gal,1331,312.95,5
485,tKcrrecR8ude,2XL,mL,9539,374.56,16
486,G5B0v6hct,S,mL,1947,753.95,6
487,f2zjA1wiE,L,lb,2735,303.97,8
488,20diKRUI,3XL,mL,2544,979.9,16
489,pMWftOOud,XS,oz,83,807.79,10
490,9dUCx8nVjr,XL,per pack,1389,151.66,12
491,QfywasrG,3XL,lb,7880,666.32,13
492,nVE1ddj,M,gram,9237,187.89,1
493,QTAFpFNd2Qrs,M,per pack,5964,903.99,6
494,pATGQ8uP7q,XS,lb,8840,342.93,7
495,3lSBNIXbb,3XL,liter,6735,544.33,20
496,sa62TQ,3XL,gram,8068,845.49,11
497,D0p1YIp,XS,per pack,908,257.93,13
498,Hq1QeEPJjMg0,3XL,mL,4423,181.19,12
499,7UWNTR,XL,lb,3785,357.92,17
500,YMiVyptC9,XS,gram,5165,812.55,18
501,HzHEsIPLDX9c,L,liter,9250,196.1,10
502,rT3jFxSZbl,M,gal,8037,347.32,5
503,JzEKUS3xz2C,2XL,oz,9029,91.23,12
504,Y3JJEdjtQn3,L,gal,642,645.71,2
505,Dt0rIZ9UGRBT,XL,gram,4902,985.61,5
506,6u72SunFa0,2XL,oz,5847,116.26,12
507,oJPtC8pA,S,lb,4220,327.46,5
508,MVhhM8Oci2u3,3XL,mL,997,978.2,16
509,KpilsZL5e2,M,lb,2428,327.74,6
510,TmGqC8d0WMdK,3XL,per pack,6247,53.94,8
511,UA5Pf5two97L,S,per pack,2293,607.16,2
512,eZuPlLvlFcgY,2XL,mL,6871,216.8,18
513,qaESZjfH7,L,mL,7748,865.88,20
514,Clq84OxS,XS,lb,6091,542.28,13
515,obfuaZEmyiDP,S,mL,205,54.91,7
516,tAsTdEDi,M,mL,1,776.78,20
517,7kcJy5,3XL,mL,9831,421.97,19
518,T3vNvd,XL,oz,6813,308.62,12
519,HQbIx53E0fKe,L,gal,9954,42.35,3
520,z5GxnE,2XL,gal,645,680.08,14
521,YGRr6YWPO7,L,gram,4849,790.56,2
522,UYmirDsb,S,liter,8181,800.33,9
523,QELmzLln8I,XS,liter,1007,992.97,6
524,12nSe8EgTK,S,oz,4886,100.31,5
525,mylPPITBej,S,mL,948,528.03,4
526,WJVE5Omxq,XL,liter,5236,672.27,2
527,SginDuX8,S,gal,1396,357.53,20
528,i0hrCpAOj,XS,liter,5404,960.81,12
529,hvCgdj2kk1k,3XL,mL,8456,741.74,4
530,gb4fGc,M,per pack,2079,246.81,4
531,hecadQ5dS56p,M,lb,8274,132.35,8
532,TgUwKmIRXnZG,M,gram,7329,137.2,17
533,y80sVe9N,L,oz,2687,745.49,20
534,8WQkWJTAl,S,oz,6166,214.23,1
535,jObHPIrJKl,2XL,oz,4281,352.25,13
536,lajeuSnvVpvJ,S,gram,7465,991.86,11
537,Ba6m99F7I9,3XL,gram,8280,295.14,19
538,9ZG1dMt7,3XL,per pack,5977,189.43,5
539,a58a1X6L,XS,lb,5091,533.81,1
540,NPFVTpVB4wa,S,mL,834,113.98,7
541,dckvrk82KXNQ,S,oz,1127,622.31,15
542,bKU0zP5,2XL,gal,1954,186.08,7
543,hfG7SyLB,2XL,lb,3125,360.28,3
544,cZxt0ATJAoPS,XS,gram,5376,65.41,12
545,XWmT8OOKdI,XL,per pack,3898,15.06,12
546,BbPuhpx3p,XL,gal,4659,373.8,9
547,ERqZUlMbFv,M,liter,5556,867.92,4
548,h91AUE,M,per pack,3831,649.06,13
549,aktFxZGnn2gs,M,liter,1614,62.68,8
550,kta8QNxa,3XL,gram,9031,809.65,14
551,OOXRg3UNWC1h,3XL,mL,8827,219.71,13
552,0zdGIqRFB,L,mL,2526,783.0,14
553,tS6kBh,M,per pack,4538,373.9,14
554,yeEaD7LxQi,XS,liter,1594,370.3,3
555,X7b9y7izxq,L,per pack,496,425.14,12
556,OZ2vnf,XL,oz,923,288.61,16
557,g5aVzo,S,gram,5277,697.02,18
558,Ef2V1ZJtI,2XL,liter,9982,241.16,13
559,OlM2Ns,M,gal,8977,698.65,5
560,TvusZqUvO,2XL,oz,5125,31.83,5
561,ouOl4YP4f1,2XL,per pack,6131,713.02,1
562,E4PeqQUkdS,XL,gram,404,681.86,19
563,AY90khUTGSf1,S,lb,427,538.86,20
564,YhwdojP3um,2XL,lb,7961,529.64,15
565,fRdPxkwsaj,2XL,liter,7665,746.25,12
566,DiR72GJl,L,gram,8300,998.1,5
567,tfRBbf1,M,per pack,8645,17.9,13
568,xDYJVzdWAQ,XL,mL,7482,828.83,15
569,bOt03YAahz,M,mL,5645,542.27,18
570,jE3btV,S,mL,275,614.43,19
571,hz8nwF82O,2XL,per pack,9792,351.11,15
572,8XjpBOlrl,XL,liter,1866,226.21,7
573,NCow3UwK,2XL,lb,2306,850.15,11
574,YfMcdPE4lZ,2XL,gal,5561,885.32,12
575,65MGtJny,XL,lb,1171,418.57,17
576,zM2t87yU2gnK,XL,liter,1774,742.03,10
577,Z8Fx8aeV,2XL,per pack,2832,148.85,17
578,LIyMtO,XL,mL,4499,963.63,4
579,w2LH0KVnFw,2XL,mL,5093,913.3,20
580,Voz57Y,XL,liter,4569,837.26,1
581,TZIpTm5Mbo,L,mL,2748,410.9,18
582,Vtma6kgz,2XL,lb,2262,187.55,20
583,BXtJfcu,XL,oz,3618,32.55,5
584,WlIcPR6bfSr,3XL,per pack,3913,150.09,1
585,lJenGGP2AHC,M,per pack,4291,661.69,11
586,BPWH5L,XS,liter,4778,759.63,3
587,uyjtoAyi3,S,per pack,3770,993.84,13
588,3e8gIQK3,2XL,lb,1596,821.58,18
589,tlJej4,S,lb,7414,928.47,9
590,7CUN9pf,L,mL,605,295.72,4
591,dBOl5eOb,XS,per pack,6910,206.98,17
592,KPOqpawxmVs,M,liter,3845,217.47,8
593,bS9RMlFyaDy,XS,per pack,8732,113.43,12
594,2HDiHz,3XL,oz,7375,787.32,14
595,e4b9DhQf8eC,S,liter,8062,440.54,9
596,TYssRRPVclu3,XS,gram,8466,236.95,5
597,F2QJkWAPj,S,mL,4539,703.3,9
598,bbEi7fT,L,oz,3935,613.0,2
599,wC9zY7IvZVY,2XL,per pack,6629,332.62,14
600,3I4v5HSiR5k,3XL,gal,5281,258.91,3
601,WdMZyAxM4,2XL,mL,6630,346.34,13
602,UVLh5ye,M,per pack,9915,259.57,10
603,K7SqTXH6MVQ,XL,gram,4843,92.07,1
604,REkTv5BB,S,lb,170,11.45,7
605,sOK9GpXh,2XL,lb,3475,907.19,9
606,4yGVkJTsa9,3XL,liter,6511,141.99,6
607,OGL8vb,3XL,mL,2833,384.76,1
608,dFiMqV2BcPr,M,liter,3828,680.49,3
609,mYS6Ft1n7,XL,lb,418,922.94,9
610,owiyzW7X6V,3XL,lb,6325,38.58,9
611,ZTIekS322y,XL,lb,8221,445.54,18
612,ZwHJwVcLP,S,oz,7656,654.64,1
613,RqB4EzCWea,2XL,lb,4046,22.74,1
614,chanXsXkCMf,L,gram,9029,862.15,12
615,V80biiUDYjm,XL,lb,4091,701.23,16
616,2nV70Zhvg0xt,L,gram,5143,205.05,16
617,wbAMGB,3XL,liter,4938,991.91,15
618,WV8L0L5,M,gal,7888,222.07,6
619,5HZ3DJIXHj,S,oz,2988,604.85,2
620,WRTw7ieMka,XS,gal,5229,462.86,10
621,bQ2pwi1oSz8j,S,gram,8324,3.67,4
622,K9RNuK,2XL,gram,5366,539.12,12
623,iuZbFp5NtH,XS,oz,5095,258.28,13
624,XBnivM7glHS,L,per pack,7629,887.04,10
625,bK1Dn2vSvOc8,3XL,liter,7324,850.64,14
626,nCjIGa,XL,liter,3395,750.09,20
627,tuCTUhL7KHr,M,lb,3453,786.65,13
628,5ex3vutV,2XL,per pack,6173,853.99,5
629,SSgNDqRi,L,liter,7530,222.56,14
630,zpm6ddIguHB,XL,per pack,7128,620.13,3
631,YSv5ftmgm,S,lb,3096,933.73,17
632,iy83Oe6iu7Q,XS,gram,2881,284.95,20
633,4Mb030,XL,lb,7282,905.49,8
634,GFQsjL,L,lb,4221,962.17,10
635,bkxi1pq4m,2XL,gram,1294,913.08,2
636,axCu9RC6,XL,lb,1042,877.66,7
637,HgW8R0ALQBY,S,gal,9161,278.99,19
638,HYcGFhF3AQX,XL,liter,3609,511.36,9
639,9vHu4CR,L,gal,9022,385.23,6
640,aQajgQD,S,mL,3825,409.79,8
641,sLjzvKnFdNZO,2XL,gal,9939,400.76,11
642,khmx0CjUV,L,gram,7184,255.01,3
643,2OsLvDLuTIO,L,oz,991,349.98,1
644,CjJRWY7,XL,mL,138,891.76,8
645,d7rXN1bHUy,XS,gram,4391,950.88,17
646,NiAjHNdX9Ya,S,lb,2940,608.8,4
647,e0gCXbn,S,gal,8311,904.1,6
648,AURTbJwAEZ3,M,gram,192,584.24,17
649,Zf6TJGEf,M,per pack,1845,854.54,7
650,pt8ua2tW,XS,gram,5728,606.28,4
651,KtistMjsRp,S,gal,8641,612.56,7
652,ZJlCy7WqUzb,2XL,liter,7831,389.15,1
653,15pO28c19dD,XS,per pack,9966,758.23,1
654,HQPc6N,M,gal,4995,649.37,18
655,Smvd8Oe34dK,XL,mL,8008,1.35,20
656,QdewA6fG1Opb,S,mL,3569,31.87,16
657,2OKvHsfnT,S,mL,4455,662.16,12
658,KcxIjYCUO,XL,gram,8384,774.62,16
659,TxCecwt,M,oz,7355,354.55,14
660,t8aAU4xHuTeA,M,liter,7097,962.16,7
661,dOmDE3lv0Dox,XS,per pack,9552,701.08,9
662,5yx6cxdx,XL,per pack,3947,728.99,9
663,cQx1PT1,L,gal,2930,508.45,15
664,XSnTS3Y5oLiX,3XL,gal,828,471.22,20
665,8Yzfn2reeGg4,XL,per pack,5450,766.46,15
666,Afgca0,3XL,lb,8950,122.35,9
667,gi4QhgBZ9qp,L,per pack,9579,109.85,7
668,J0pJWlV0S,2XL,lb,9847,45.25,7
669,7N8MbeuPHu,M,per pack,7653,672.49,17
670,o7ZNFZ,L,liter,7524,984.29,11
671,WP09MwVbtHq,XL,mL,6277,957.41,11
672,eVRefXo3,M,lb,8449,175.62,15
673,vhVdS77nnMPJ,3XL,gal,1971,277.94,8
674,Da5GREwNKlL,3XL,oz,5913,266.62,4
675,oMGfGYEy,S,per pack,3813,513.46,10
676,l6Nvz0IV,L,oz,5778,867.52,8
677,WcMU9tJmBIBP,XL,gal,7685,332.9,18
678,MH0D0OuR,L,gal,2697,575.72,12
679,bpobdPKA,XL,oz,8351,581.6,3
680,yrEKXMI9,XL,gal,3583,711.45,18
681,C03SUP7,S,gal,8014,930.62,9
682,asXPzTnmNCvL,M,mL,1052,398.67,20
683,IEgFkwW,S,oz,8759,80.43,12
684,IGZzXYI,L,oz,198,429.21,13
685,6vmTakzp10,XL,liter,5304,385.52,19
686,xnbfkf,XL,liter,7644,19.91,20
687,aCEN07Be,3XL,mL,358,830.71,15
688,eT6kDztTbxkB,M,liter,7989,547.9,11
689,DOKFBYe8SeOw,XS,liter,285,895.5,11
690,rnYLbp1xlU,L,mL,1386,545.52,15
691,pF8UzHb,2XL,gram,3763,424.35,7
692,JZXRXatqlt5,XL,liter,2762,854.23,9
693,iKho3TtRQmY,2XL,liter,7964,882.92,17
694,LFZ0Ku033Q,2XL,lb,7571,806.2,19
695,ETjL54U21,L,oz,6519,365.76,11
696,zpJqK8X4Q9,L,liter,7624,610.82,3
697,wmNmgEIR,S,per pack,1600,414.72,2
698,l93kOdL,XS,liter,7477,374.2,20
699,4xJaqnrKc5,XS,liter,8721,287.62,14
700,a3AliRyj,2XL,mL,7074,551.0,16
701,HZvOIir6pg,2XL,lb,8345,517.89,4
702,uc6708cdoJ,XL,gal,2611,455.29,6
703,rhRp6JEhD,2XL,gram,7653,246.68,6
704,cfPvReImiVxF,XL,oz,4615,696.26,19
705,Jqa9B8XwGSl,L,oz,8459,673.01,13
706,X5dOHhknJUj,M,gal,4795,987.87,10
707,vDVOM3tn0K,XS,gram,7962,514.32,11
708,6luftsZ,S,mL,8802,26.02,10
709,KvNiGFzl3k,L,mL,7067,865.93,17
710,SpJ7Rc,L,liter,4121,276.95,4
711,OcjEIg,XS,oz,1776,916.75,4
712,GanHqedZ9yv8,XL,lb,1363,94.25,18
713,sANixnmi7U,L,oz,4021,693.27,5
714,S7dRZ3H,XL,oz,7196,865.6,13
715,wuF348sU20,S,oz,8063,728.61,15
716,po67cGj,M,liter,1266,939.62,3
717,OR1UYIWU,M,liter,5998,396.12,7
718,fZj00QQCzD,2XL,mL,2895,415.98,3
719,vU4C7z2dOr,XL,gal,7487,595.28,15
720,3WYd7WLgdw,XS,lb,2778,916.48,4
721,Xrpobzlnk,L,liter,6405,516.34,18
722,kZXEq70,2XL,lb,7649,48.84,3
723,EF4nAM,L,per pack,2105,449.88,10
724,w5rdRK,XS,per pack,774,280.52,17
725,7Yg7JUn0iX,L,oz,2609,843.79,9
726,9raxUh,XS,gram,5685,433.02,13
727,MgrURlk,M,lb,2420,101.53,14
728,6Y8igddLPw,3XL,lb,525,152.28,12
729,RFRbq2EapSOS,2XL,lb,1949,133.69,15
730,veb4vhVZ03,3XL,gal,5888,236.75,7
731,DqyMBKsh6COi,2XL,lb,8960,291.32,7
732,82s9XX,S,lb,3434,200.04,5
733,36oHFz,S,per pack,883,462.26,17
734,VkW5CPIMDO,XS,gal,1958,109.17,4
735,b9inGafrtfpk,M,gram,9284,646.74,17
736,Vgb0ngAFR,XL,per pack,8561,693.16,20
737,8L965INqjT,S,per pack,402,107.75,16
738,hG2IIB,L,mL,4568,711.94,11
739,TEXoHHQ,S,gram,5732,149.21,14
740,ZtO0KQ9TG,S,lb,4609,990.29,1
741,hqMYzLq4,2XL,liter,750,366.83,16
742,sHw0DJfNhfa,XS,per pack,9018,180.27,3
743,1iJIFiS,M,oz,7779,765.21,3
744,YpumnZHnkLa,M,per pack,5309,322.38,20
745,00LwxvEwAiI,3XL,gram,6605,851.59,17
746,LBz1zw,3XL,mL,4852,397.97,5
747,vm2cmr0N,3XL,per pack,6771,936.97,20
748,zmFpD1eInV,M,lb,8298,260.94,10
749,9H9JVg,3XL,gal,2831,787.9,5
750,m0ZMgYATHTF,XS,gal,9599,768.37,9
751,ElzEFBcl,L,gal,8835,755.32,17
752,7gdyeWtu1,S,gram,3915,731.91,14
753,cvj6lHBUZ4,3XL,lb,3354,511.19,11
754,r6jH0o5RP,2XL,oz,6324,842.52,20
755,GrUq3R5ewLL,L,mL,5303,690.04,13
756,SqJzle3,3XL,oz,7095,275.44,2
757,tjaGc4KEq2,M,oz,9098,14.13,2
758,Kq1OkL,L,gram,1249,15.39,2
759,0w2toaD2,3XL,liter,6686,681.05,4
760,0VdyvgW65H61,L,lb,5298,823.45,17
761,4uf5Gq,2XL,mL,2552,811.95,5
762,e4lLS4a,M,lb,4126,437.92,3
763,rpPcsDdoSo,L,gal,9900,767.07,7
764,sbUWckZqL,M,liter,1899,355.04,15
765,M3nE1DDn,2XL,per pack,41,773.01,20
766,J7mGaUCBIyVi,M,per pack,237,794.47,11
767,cYvhnaFy0oyV,S,oz,8542,480.43,16
768,RiIs6Y5JKB,M,mL,7913,210.67,3
769,oiMPSeHlOg,3XL,mL,7345,459.58,8
770,DLE1pgQddB,XL,per pack,5071,160.58,7
771,gtR0mJcxZmn,M,gram,5855,737.78,9
772,WcumMTRIM2,S,oz,4485,416.08,8
773,4ZdUpzlrR,XL,gal,8753,569.2,11
774,sZjJYEy2X5,L,mL,8952,720.61,17
775,nFCZM9M,3XL,liter,2336,601.66,10
776,wHEEevh1trvR,3XL,lb,7922,909.41,3
777,3dpA21gw,XL,liter,6542,722.79,10
778,KMMUvM,L,oz,9083,283.93,16
779,JfbNzexY,L,oz,6121,828.43,14
780,2uKMuc6wb,XS,gal,2495,152.97,14
781,WCMChUeht2Lg,S,lb,2216,879.47,18
782,actfuJE9,L,gram,3870,572.3,19
783,086CF0rLgysi,XS,mL,2863,325.65,10
784,avW2gIACTY9,XS,gal,4612,163.65,1
785,HQrYRprUvKg7,M,gal,6415,258.21,2
786,NYzx7A97,S,gram,1588,942.93,10
787,qoFPcdf,3XL,per pack,5116,650.99,3
788,G0msVzAbGv,XL,oz,2792,962.14,6
789,4dp0CDf,XS,liter,6774,855.0,10
790,FRdbvTW8,XL,liter,1875,961.0,12
791,Ru0vmccPtMp,S,gram,3529,522.8,10
792,qedANuEWF,XL,gram,721,155.29,7
793,SXAytchOc,3XL,gram,8428,211.73,6
794,8U3b2KyCB6,3XL,mL,532,401.76,17
795,VIKt1Hu,S,liter,6872,862.39,4
796,WONwqOzSYF,L,per pack,8645,740.12,9
797,D15IYpgE79,L,gal,6864,483.5,10
798,AXekKP,3XL,liter,457,493.05,4
799,atH63dtJfV0M,2XL,gram,4037,792.05,6
800,70kl8GBZ8Mns,S,per pack,7067,690.79,4
801,SMj1lhovogF,3XL,lb,7118,984.1,4
802,GUKdK8omzW,XL,liter,6887,544.9,4
803,yjWOE7,2XL,liter,2822,289.64,15
804,9kyfPm5n0Qnv,3XL,per pack,6593,161.3,10
805,8Lxo6G4jS6e,2XL,mL,6616,244.48,11
806,ABeLFBCdxx,M,lb,9206,418.9,19
807,uH5d6NFfdl,M,gram,3719,473.6,19
808,UXRP8dEY0Wix,3XL,lb,2338,139.99,5
809,LcEkXWK4sM4M,L,liter,5784,214.37,14
810,3i21QmQRXHU,M,gal,2988,771.68,4
811,dv3PKrJ5,2XL,per pack,6507,870.67,1
812,pgx8dlfCF9EF,XS,liter,3533,752.75,14
813,oKhjZp6y,2XL,liter,7540,469.98,2
814,KaizdJNH,3XL,gal,9090,510.1,20
815,cgL0XshFmO,L,per pack,8577,18.22,12
816,Q10SrjNM,3XL,per pack,393,109.17,1
817,wJg1wf,2XL,oz,696,731.75,2
818,Ko54S5Pv27R,XL,gal,7585,700.07,2
819,9jC74Xs,L,gram,844,227.28,4
820,JUoYHD8,XL,mL,4406,849.58,9
821,ZsnadBK,XL,mL,6187,279.51,11
822,TMIjDO,XL,gram,253,229.58,6
823,xRqSPpbhMxB,XS,oz,1423,228.12,7
824,mkMqsDC2MjeC,XL,liter,7118,237.71,3
825,5dgfdgL0YXnl,L,liter,2577,767.9,2
826,pDLe10EL,S,liter,4474,337.34,6
827,fG2HNV,L,mL,7112,706.58,20
828,Paqq1gkN,L,liter,7172,915.74,20
829,FaYDjTKS0Giu,S,oz,3124,357.83,5
830,X67jJTONVYww,M,gram,1820,98.85,20
831,JGotwKKR,L,mL,446,346.73,12
832,L29FRXWu,2XL,oz,1043,503.42,6
833,G36bQCB,XL,liter,3938,271.36,5
834,7uekQzUBJ,S,gal,801,651.28,6
835,4sVRORYqo,XL,liter,3222,36.05,3
836,t23sIRcLQs,S,oz,5550,631.31,5
837,KYV76mH1,2XL,gram,4413,946.69,17
838,RnNwnu,XS,per pack,8029,498.26,5
839,t9bn7keH,XL,gram,6330,793.74,3
840,iSRNIUbtLR,XL,per pack,5095,430.63,16
841,1eSIGdF,L,gal,5422,401.74,14
842,BLVTF4,XL,per pack,6863,199.66,6
843,IlTDlXXLakM9,XS,gal,2475,554.56,7
844,QYUWp0KNmwU,XS,liter,7949,910.64,7
845,NSqs7XQ,M,lb,779,767.71,3
846,PCyRDwk,3XL,mL,9754,908.05,18
847,eowaes,L,liter,9108,520.75,11
848,9REWa9,M,mL,856,645.83,1
849,kKTel0r4ABgZ,2XL,mL,4351,317.94,3
850,ZYlB3W0o,3XL,gal,6519,527.91,15
851,GkBt1LGtnP1c,3XL,lb,3427,515.25,13
852,i1RvsN1sLcFx,XL,oz,8865,34.24,13
853,NnIkjbgFWD,L,gram,9038,691.25,13
854,iJZQYIt,2XL,mL,603,4.84,18
855,8MxMlqMM,M,per pack,8083,139.36,6
856,21AATztK22SO,L,oz,1566,93.43,3
857,Ik6OreZ56gs,XL,gal,1746,935.98,5
858,h6xhRlY,XS,lb,1621,144.24,7
859,17rrVwObQW,L,mL,4905,94.12,18
860,UTAwzUjmQdZk,M,gram,7617,735.15,16
861,QvBXBR,2XL,lb,2598,1.07,5
862,MubU3YT8ywe,M,liter,5153,497.58,3
863,zVjv6zZzoP,S,mL,1915,745.61,13
864,rO1aShZig,3XL,gal,9723,655.49,20
865,a8GWqDk20S,3XL,gram,1436,149.31,5
866,N7hwHB9LV,XL,per pack,3047,119.15,8
867,c3PTlra3Mqo,M,gal,8740,818.64,10
868,4wgDeLjbB5i,3XL,lb,576,86.35,17
869,V3iBG4QoT,XS,gal,4098,184.23,10
870,0hzBSWONhEb,XS,per pack,6911,337.4,18
871,LtD9D5,M,lb,9355,71.67,8
872,RKbHHO1WMY,2XL,mL,7449,503.98,17
873,IYKJVCbY,2XL,gal,1904,625.71,8
874,DLERrbvel,XS,per pack,229,731.34,3
875,1e0Fx6,M,gram,1883,370.9,17
876,fxgEm35z6Sy,2XL,gal,5470,188.89,16
877,UJhDXvM3u,M,gal,421,398.44,3
878,uWExCT,M,gal,4865,653.73,11
879,1O5z6lxBhB,S,oz,6026,440.17,15
880,uDRmVJ,S,gram,960,779.46,3
881,EipERWoJ,3XL,liter,8438,18.39,1
882,AwbposAC2YGd,XL,liter,8997,576.24,2
883,Jr85Oja,M,mL,7479,827.79,9
884,G8frwg,L,mL,2326,43.78,17
885,jOselpWY1KuU,XL,liter,5318,756.57,8
886,mNxTLgTC,S,gal,4300,26.43,7
887,RNTlUqO5O,3XL,per pack,6521,601.15,15
888,hO1D1hhldGJ,XL,gal,6805,259.41,4
889,8gbbuhUJ5Rb,L,liter,6396,129.22,18
890,SrzGwr,S,per pack,3754,298.53,18
891,m3bYzUtwnPE,3XL,per pack,3219,885.6,3
892,dYu1qq4rcsLD,XS,liter,2559,413.31,4
893,fv28VyoAfuFA,XS,gram,8092,608.32,12
894,sMgH7gszbZGd,L,mL,2493,97.39,9
895,x48dAU,3XL,oz,6368,62.71,8
896,zG9enxAlzbcZ,2XL,gram,1687,800.46,20
897,xX54Rx5,S,mL,4896,801.01,16
898,FgrgS6oe2h3,S,gram,8704,359.79,10
899,NN5rWYfttf,M,liter,5442,673.02,9
900,uOj5pSr,2XL,per pack,8879,394.85,19
901,SrmqZGz3Zh,S,liter,4143,332.68,3
902,2gYrdTUT,M,lb,191,270.75,7
903,OYoWUO9Up,S,per pack,5452,379.77,6
904,89j38W1,3XL,gal,9507,781.6,9
905,Jl8JaJHkZp8R,XS,gram,4097,530.76,3
906,t84gsK,XS,gal,3004,224.08,15
907,P6c4AuVXXb,L,per pack,449,897.47,10
908,scVwsWMOSk8m,3XL,gal,9726,703.37,9
909,nfeWxVS0g,L,lb,9610,169.4,4
910,sq9qPj,XL,oz,9160,889.45,16
911,H6cLah,3XL,liter,3924,873.04,12
912,wtGADkelqZz,S,gal,4264,494.42,15
913,khyw2HJ,3XL,lb,1051,575.51,19
914,EP3uSGi,S,per pack,5114,938.42,4
915,yUpjBEEOm2T,3XL,liter,2089,294.76,19
916,eB4GGNYcnDM2,XS,liter,1082,979.53,5
917,Hz3Ws7x,S,gal,3236,17.26,7
918,Q5MSFnOtg,XL,gal,2860,538.45,17
919,VgI0l35jz,XL,oz,2336,210.98,1
920,QgkV6eE0,L,lb,2881,66.66,6
921,yJd72FNdrbo,S,gal,9546,460.82,11
922,7iMxLaHFdQJ,M,gram,2662,654.63,3
923,s5X8GYGB,XL,mL,9650,385.89,3
924,7Pi3r4uC,XS,mL,3853,343.11,1
925,oUCyHfqeq,2XL,oz,7807,562.76,5
926,vttHM08e,2XL,lb,1560,25.82,9
927,W6fYiV,XL,mL,8731,4.71,7
928,2s53QIk7,S,mL,1756,607.56,20
929,FD5DNqwfaB,3XL,lb,6955,803.13,1
930,tRWZJQy7,3XL,oz,1825,358.21,14
931,pGzynI8Xtr,XL,mL,7171,480.27,12
932,KIWZXVhaE,M,gram,1103,125.01,19
933,cdWq7M42Hi7,S,lb,7251,872.41,4
934,qglPiS,XS,per pack,5597,814.03,14
935,QYY3M4w6,S,mL,8463,849.32,3
936,uR5Xrd,L,oz,7955,300.02,12
937,BHzffVUj5by,M,gram,1792,610.41,19
938,OosCrK4ml,3XL,per pack,9353,719.74,19
939,kXfJOW6,2XL,oz,2874,876.05,17
940,cfA2yUYp,M,lb,1511,167.72,20
941,jPv0ASkN,3XL,gal,6521,833.17,18
942,i7gBqh1HvXu,XS,gal,2839,715.71,7
943,QalCuMTm5Gn,2XL,lb,7205,508.63,17
944,mvRkiwxr,L,lb,9753,298.26,19
945,SjZKsssLl6P,S,lb,6590,907.45,2
946,EvFxoEiRBc3N,XL,per pack,8077,191.59,11
947,9ipZwQTXTxK,XS,oz,8993,460.26,10
948,QZt4cAYOZE,XL,lb,8268,435.74,20
949,PIFaGi1,M,per pack,5171,484.96,9
950,8Wn8lqRFeQ,S,oz,2451,546.38,14
951,TZok2jiBso,3XL,oz,1707,908.42,5
952,IkecTUM,XS,lb,5991,885.04,5
953,yrA8w8pp,M,liter,7431,436.71,5
954,zgPXpYPfo,2XL,mL,3160,898.66,9
955,ydvcGFHJdh,M,gram,4713,429.23,13
956,L9IMcQQ,XL,gram,3125,215.07,16
957,6a3IZGGt1IC,XL,gram,8051,498.17,18
958,gf2rpZIdF,XS,gal,1855,411.81,20
959,21izUW,3XL,oz,4426,675.79,6
960,dqhXEPBsj,M,mL,5794,428.32,6
961,Kp3Cq7J,M,lb,1191,983.06,5
962,WJJfWalew,S,oz,673,444.38,16
963,MPReIpd2N,2XL,mL,3734,84.32,4
964,0YPPXZih8k5G,3XL,per pack,6355,348.55,11
965,kTSCHPX,2XL,gal,2636,971.52,1
966,yewWtEDI,S,liter,1293,142.48,4
967,JEacIJ9eEMj,XS,mL,6715,651.86,18
968,gRLiBEQma,S,mL,4053,626.27,12
969,hiUCEwO,S,lb,5118,867.33,13
970,85Qqd8mmM,XS,liter,4255,333.32,9
971,Pw37XKqwH,M,gal,8105,227.52,19
972,DiXvlYCRw8,XS,per pack,6373,554.52,4
973,Tb4b6Psl,M,lb,4309,163.49,4
974,ybGIn7IN5bA,2XL,oz,4146,955.7,15
975,VescZnidV0,XL,gram,1307,762.55,1
976,kyq4bMvvQE,XS,mL,8949,581.2,5
977,PUWebOTui,M,liter,4883,961.17,13
978,JjXGA1a,XS,oz,8752,73.01,10
979,4pMZXxkwnaa,XL,per pack,4978,885.64,12
980,hQFwKlv1m,L,gram,6791,329.56,8
981,S3ScfGALI1z,3XL,oz,3122,364.83,9
982,kmrmnK,M,oz,8774,632.8,1
983,yCjxr6QWfzb,3XL,mL,6429,465.38,1
984,XKs4U11BgE,M,lb,786,781.6,2
985,bgexYoHaaJH,S,lb,2274,5.26,12
986,Z3TjpDO,L,liter,5002,24.13,8
987,f0FUBOz,XS,gram,6043,264.65,5
988,EAfBD1cMt,L,gal,6564,858.15,8
989,kWpJc8S,S,liter,1200,641.83,11
990,gJWiG1XkP,3XL,mL,3641,219.59,16
991,NqWBuZ75wrP,3XL,lb,5211,131.47,19
992,JifavV6G,M,gal,8708,137.23,18
993,qL14BcZpY7HI,3XL,oz,7951,823.98,6
994,ISCB6MaI3kt,3XL,liter,6906,283.74,16
995,RUiaRG6,2XL,oz,2764,130.38,7
996,gwrOudm,L,lb,9396,714.36,14
997,o7XFI9,M,mL,7790,120.48,11
998,D5WcV9cbzJVu,XL,liter,8014,154.16,3
999,sT1YC86,2XL,mL,7929,911.51,12
1000,1xRDQUfl4W,XS,mL,8389,606.61,18
