order_item_id,sku,order_item_name,order_item_category,order_item_size,order_item_price
1,875373077-1,LgsDlAn,Desserts,XL,19.5
2,648281888-9,Sg9H3a,Pizza,M,6.67
3,391972632-4,KoW23b0IX,Pizza,2XL,5.98
4,175517193-5,5mouk1Dk7FGZ,Desserts,2XL,6.71
5,577234135-9,loCYoon,Salads,S,7.47
6,053060374-8,BR9vUz88TyPw,Salads,2XL,15.39
7,938074241-X,xZfqxRsKwk,Apps,S,5.31
8,869107561-9,DBGM1lQO707,Salads,XS,7.07
9,012334253-8,TD8SumG,Desserts,XS,7.23
10,156315842-6,ziBSC9,Desserts,S,5.15
11,870861251-X,PmX9Eu,Pizza,M,7.71
12,683829515-6,uD4050yTDd,Apps,3XL,19.77
13,564766027-4,al6VtPYLtKdc,Desserts,XS,14.59
14,391839797-1,hUyTxnlF9eV,Apps,XL,12.34
15,181576894-0,Mwk34WRVF,Desserts,M,8.13
16,032607346-9,Uj4QBeFcutWZ,Salads,XL,17.68
17,792936058-X,rbh8H0n6tsp3,Apps,2XL,9.49
18,192131704-3,iaHFNPLjU,Apps,XL,9.14
19,817584239-3,vmWnRuF2,Desserts,S,13.42
20,172902455-6,5OssUPH,Apps,S,13.25
21,173953519-7,VNTF3dTx1So,Desserts,2XL,12.59
22,231966586-2,LKpXe0K3K,Pizza,S,8.45
23,378056965-5,aRcUD9hW,Desserts,XS,18.1
24,511816133-9,sFGyQsyE8I,Desserts,XL,6.5
25,524800540-X,8hTxQvyWX,Desserts,L,5.5
26,073341439-7,bUpi7rnkujas,Apps,S,18.59
27,885313294-9,rvjvHN83RxuG,Apps,XL,7.87
28,908558447-7,IXhWaG,Apps,S,14.98
29,528975457-1,dsRoVDn,Salads,3XL,14.33
30,997272594-4,Vccs1piXuYg,Desserts,M,17.16
31,417715563-2,f9EmwlYRLqc,Apps,3XL,18.18
32,502658783-6,iLwZLj,Pizza,M,18.38
33,849486258-8,8vMWt97JB,Salads,M,13.95
34,272029213-3,7800uac,Pizza,M,18.42
35,843589028-7,q6brx0tE3dVG,Pizza,L,19.19
36,013129318-4,LAP2K2cM,Apps,XL,17.89
37,398517456-3,VFwIQRJGQJXC,Pizza,S,16.68
38,309018486-9,BFRBWJ,Apps,L,8.94
39,129344367-0,XZIJVwDYI1,Desserts,M,14.18
40,159575831-3,B4g8Sn4,Apps,L,5.37
41,530917734-5,AACL0OZf,Apps,S,11.02
42,582916805-7,6wGdLND,Apps,S,14.05
43,116478636-9,zTlS1v,Salads,L,13.75
44,413308321-0,CyIT68c,Desserts,XS,19.26
45,997590673-7,grzc72uD3ynY,Pizza,XL,16.78
46,182653422-9,0NkpxwkahJqF,Desserts,S,18.48
47,407649452-0,YS3nKM6jTLyR,Pizza,2XL,7.44
48,916468011-8,eOlMFY0R,Desserts,M,7.51
49,054178106-5,4MlYHMaO3REb,Pizza,L,13.29
50,622392080-6,bqC5Lqo4u,Apps,XS,7.17
51,540403897-7,E5wIkYiC,Pizza,M,6.81
52,944189959-3,4UI6sslEPD5,Salads,M,8.68
53,437556424-5,No59E6pSSm9R,Desserts,XL,16.98
54,647605298-5,YPaKUC8JWG,Desserts,M,16.91
55,553754960-3,b1v73jl,Pizza,M,7.27
56,716865627-9,f2PMXHGc7gE,Desserts,XS,13.18
57,593533760-6,JXI3UoEd,Pizza,XL,7.48
58,027584171-5,R0MfffSE8Mn,Salads,L,8.57
59,618986327-2,STD6JQy,Salads,3XL,17.87
60,410750974-5,Ih4x8h,Salads,3XL,15.23
61,475258887-0,PJp62Tf5H,Desserts,3XL,15.18
62,263884453-5,uPOJQVdWq,Salads,L,12.54
63,184344178-0,Znny6T2uxhcB,Desserts,XS,18.63
64,979158572-5,nXr2LdS7lQc,Pizza,XL,13.28
65,463188763-X,EdTTlVXKM9Sr,Pizza,2XL,10.12
66,091627441-1,CQhGVo,Desserts,S,10.1
67,708965980-1,eR04ecjwNgpY,Apps,L,12.28
68,822792238-4,FszZSOZ,Apps,L,12.08
69,272824601-7,IlxqYqThLK,Salads,S,16.42
70,314062044-6,pRVRc3o,Desserts,3XL,7.57
71,317777018-2,ftV6ahgrb,Pizza,S,11.81
72,201021030-1,Uriotb2,Pizza,XS,6.71
73,612707818-0,3DfAAO7V7,Desserts,M,17.27
74,959401115-7,E3kT9a,Apps,L,16.93
75,399943928-9,oqGh3N,Apps,S,13.47
76,274822421-3,lIFlAFLxKF,Pizza,S,5.54
77,653502380-X,AfpuP2DtVZC,Apps,L,16.83
78,321253870-8,hpMKFPk,Salads,L,16.55
79,178334345-1,HjthTSuB,Apps,XL,14.59
80,918863612-7,Y6yiY7ar,Pizza,S,14.01
81,341134707-4,Dl6mHlsvV5rW,Pizza,3XL,8.5
82,248932854-9,fDqJcmk,Pizza,M,8.88
83,245702526-5,usKCOHHxWsQc,Salads,2XL,6.72
84,412446327-8,EpSErgFOF,Salads,M,11.78
85,833257295-9,q10F8JdbN,Pizza,2XL,9.91
86,548833793-8,YBBINXTl0DYt,Apps,2XL,13.67
87,265926650-6,vhYg01a,Desserts,XL,5.01
88,477225142-1,OMRBUT,Apps,L,15.85
89,475293877-4,DthnAZ7r,Desserts,S,5.14
90,365096451-1,JnOBL0,Pizza,2XL,18.2
91,450419545-3,ZcfX96QQi,Pizza,M,11.14
92,977540459-2,2bwaUmXuf,Salads,L,17.13
93,941604335-4,6XRg5WJc,Desserts,2XL,6.81
94,896056981-X,dqDZily,Pizza,2XL,10.34
95,018564511-9,5uMtXj,Pizza,2XL,17.87
96,912481862-3,L4V8rhju4aA,Salads,M,17.39
97,273575807-9,lyoFKU,Salads,M,9.96
98,046357504-0,b3iWaXas,Desserts,2XL,12.78
99,130893247-2,pLxZlTzL6,Apps,XS,19.72
100,621529668-6,dCD6i2cdRH,Apps,L,15.24
101,334718434-3,umGTPlZ7AbO,Desserts,XL,8.8
102,044942926-1,erYtJWXNPBU,Desserts,XL,6.05
103,050126256-3,84Kp30O,Apps,L,11.01
104,664808914-8,GLz1gxS,Salads,L,15.78
105,695190472-3,Lqzply2Vaea,Apps,S,16.31
106,074669793-7,Wnu78TyJ5p3L,Salads,2XL,13.23
107,738865886-6,5RIvWNi1,Pizza,L,15.32
108,570688459-5,TRrRoZudutG,Apps,XS,14.51
109,219023739-4,pz5lB8hLK,Pizza,2XL,16.08
110,721223966-6,XOfaeQcvMX,Desserts,L,11.13
111,783768735-3,MWnJb9W,Apps,3XL,14.73
112,250861468-8,nZnvGhGSoAy,Desserts,2XL,10.41
113,439788336-X,q30nJnm,Pizza,XL,17.33
114,290552836-2,zIcS1NepSDM,Pizza,2XL,18.93
115,288059484-7,LxGdA5omal,Apps,XS,11.59
116,971967405-9,h6CT3NPv,Desserts,S,14.05
117,984501525-5,Z8ytlods,Salads,3XL,14.74
118,734741608-6,54eiSL3,Salads,2XL,18.45
119,469274208-9,nwjv5zVQc2,Pizza,L,18.73
120,733145634-2,0H7Wyj,Desserts,3XL,17.9
121,336417058-4,YyxvlPL04K,Salads,XS,6.59
122,525769776-9,6T3grQ532f,Apps,XS,8.62
123,776365155-5,mbXtK2,Desserts,2XL,14.72
124,267274081-X,H9ttkh5,Apps,3XL,11.64
125,494530870-5,KmzeCTUMEN,Apps,S,17.73
126,969297368-9,EucdWOlEdCw,Desserts,L,5.29
127,009736926-8,jCmEBVs,Desserts,XS,10.8
128,345524319-3,ciEm5g53Wz1,Salads,L,10.66
129,847006478-9,fzXMby1Ih,Apps,L,18.14
130,793991047-7,vqJsftAUNH,Pizza,L,13.58
131,475796567-2,3de7ODkLL6P,Pizza,2XL,7.72
132,737824381-7,SuRQtlp,Salads,S,14.34
133,465572749-7,L1Nb9h,Salads,3XL,12.71
134,190890011-3,wg9eaGb,Desserts,S,18.31
135,656423861-4,RuRjN54avvG8,Salads,L,5.64
136,929730439-7,smsqPi,Pizza,3XL,5.01
137,751326219-5,H6iOU6JAP6KL,Desserts,XL,15.26
138,225121795-9,EeksdO,Apps,M,19.42
139,840585317-0,PTwrpdQh,Desserts,3XL,12.4
140,727952624-1,iIBRE3h,Salads,3XL,18.4
141,782950227-7,pYblOkB,Desserts,XS,11.45
142,904984961-X,yIywrafhI,Pizza,3XL,11.41
143,627431138-6,jd4Iw8K1a,Pizza,L,15.91
144,253291119-0,E3XHlIVuqz,Salads,S,10.11
145,248123700-5,8lTPkPe,Apps,M,11.31
146,317974651-3,hr0RNMh7Z3ka,Desserts,XS,15.18
147,948968107-5,XtO0hnR,Desserts,S,13.44
148,329229263-8,26IeNnMzUDG,Desserts,L,7.52
149,009799331-X,WwY8PY,Desserts,S,12.49
150,281394443-2,upCsJPqW,Salads,M,6.35
151,560070923-4,QGbSqGQt,Desserts,XL,11.11
152,596401787-8,4fyuT7oJz72,Salads,3XL,12.79
153,255477665-2,FFFDr9goHzgh,Pizza,L,5.46
154,912624043-2,KfWNjtKcv8,Desserts,XS,9.71
155,823384729-1,GBown5Hqr6C,Apps,XL,19.83
156,321981348-8,LdGhbYe,Pizza,XS,11.12
157,945405993-9,u8jehv1fr60,Apps,M,19.82
158,598440003-0,kf83AW99IR,Desserts,XS,17.96
159,589159041-7,7h3C3md,Desserts,L,19.15
160,596860378-X,xhSGJq0rHyt,Desserts,XL,9.75
161,815672092-X,bYhpaauFSon8,Pizza,M,11.97
162,127279662-0,565rlntvFr,Apps,3XL,19.18
163,444011930-1,cbY8U1ij,Salads,XL,14.54
164,091936225-7,zTBWZh,Desserts,XL,7.3
165,612088047-X,KlncC6Gad,Pizza,M,14.53
166,718184913-1,wyqY8MvbyLCx,Salads,S,5.73
167,184659043-4,OpLCtomb1j65,Pizza,XL,19.49
168,402922398-2,pNepNOv3Oh8,Desserts,M,11.16
169,940041765-9,jBK37EZC,Salads,XL,5.2
170,985092266-4,FMmQoAHL,Apps,XS,5.05
171,101442464-X,dBmtjWa7Rp,Apps,XL,11.81
172,380143048-0,opWI0lq,Desserts,2XL,17.32
173,214729685-6,Xqx3U4lVT,Pizza,2XL,7.69
174,008545493-1,yt6Hen0tWEQ,Pizza,XL,5.12
175,606687602-3,EGVQZ8MUQwPS,Desserts,2XL,14.56
176,364898603-1,i4XJin,Desserts,M,15.5
177,996293499-0,8kJtXH2,Desserts,XL,15.64
178,164859925-7,Oj3O6eMT5jV,Pizza,XL,16.84
179,304900544-0,cB7I4dXmKE,Pizza,3XL,16.9
180,904435197-4,4tJysr,Desserts,XL,6.27
181,678669757-7,i6e4yP,Apps,S,10.79
182,936058074-0,u7atQ3,Pizza,S,18.47
183,248447926-3,E4jmuCJnfI,Apps,XS,9.33
184,614420958-1,QAJPqB,Desserts,XL,14.06
185,925491668-4,LxfPOrKm,Salads,XS,8.87
186,560001621-2,U0S5a3,Salads,L,10.52
187,516343192-7,PXGFuNPaVJgI,Salads,M,9.91
188,488146653-4,fNT3P2q7PM,Salads,XS,16.8
189,098969182-9,mtjF6u,Apps,XS,18.42
190,843539471-9,dmfVSG,Salads,XL,11.7
191,196519057-X,R31Z5z,Apps,2XL,6.01
192,977220130-5,jO1jCUpRHp,Pizza,XS,13.58
193,294988861-5,KL1lArsYs,Desserts,S,19.72
194,149103805-5,d5j36wK6QL,Desserts,S,7.43
195,892609496-0,5QIGtY4,Pizza,XL,18.25
196,298389805-9,2hJXWwubvdL,Pizza,3XL,17.3
197,687897206-X,fWqNB7no,Desserts,XS,6.93
198,349736944-6,BK1cL4DxKwg,Salads,XL,9.74
199,615679430-1,yYGNOtTkk9u,Apps,L,6.84
200,200295536-0,GhVrYd6GiAz,Pizza,S,6.86
201,297730685-4,ZJC3pBK4OVj,Salads,L,19.45
202,125344034-4,fehCX8ElkaP,Apps,L,11.25
203,360358713-8,ezaCgHf3kC2,Salads,2XL,12.06
204,520237044-X,P7ILe9KzJ,Salads,2XL,8.54
205,003000661-9,qNUvlgyUbxQB,Pizza,XL,15.07
206,955821867-7,FPKPFWF0zH,Apps,L,13.97
207,824780425-5,mnVDuk,Apps,S,10.98
208,991727839-7,PyyTc2f,Pizza,2XL,5.95
209,719199156-9,Dlpw1p37c,Pizza,3XL,17.46
210,285383556-1,XMgxq7Xvn5,Apps,M,15.53
211,390634571-8,8SuBKsSVfji,Salads,M,6.23
212,956889320-2,p0cddxVm,Salads,XL,9.83
213,985956535-X,shFA9uB3SRAQ,Apps,L,6.54
214,420518159-0,DI6RXj,Apps,XL,10.59
215,657708194-8,pVxu6QInkc,Pizza,M,19.18
216,071107224-8,db8G40FWGWF,Desserts,XL,6.5
217,033208386-1,o7KEQL5o4P,Salads,M,19.33
218,145366399-1,3zIXk6gu6H38,Pizza,M,7.89
219,022448869-4,MSHAU1,Apps,XS,13.38
220,444225270-X,5p8od84DP3NF,Salads,2XL,16.94
221,436111457-9,jV3IEFc8mUQ,Pizza,XS,14.08
222,265733159-9,x6iXyMn1,Salads,XL,18.57
223,557076985-4,lUGxqBHDI3E8,Salads,XL,11.04
224,705349167-6,27bHvU3OaNF2,Salads,XS,13.79
225,081009560-2,VwvNzl,Pizza,L,12.68
226,469389610-1,4nNw38Nu,Salads,2XL,15.37
227,986614379-1,uBUNZM9jWXEG,Pizza,3XL,12.65
228,138065944-2,CjavQn1,Apps,S,18.4
229,156813929-2,9pPejBY,Salads,2XL,14.76
230,592395037-5,yyG15iFo,Desserts,3XL,18.76
231,793749015-2,nzYXmHYQ,Apps,XS,11.51
232,956898550-6,gCodWpTn,Apps,2XL,8.07
233,912604970-8,HYexVSJkNrm3,Apps,XL,7.79
234,196894794-9,NDmxw8cm1rj,Pizza,XL,13.41
235,345050560-2,VIgM85vwk,Desserts,M,14.47
236,709654871-8,gnq00w,Apps,3XL,8.54
237,945157333-X,i7dHjIyRmzs9,Pizza,XL,6.9
238,273746163-4,MMaVrraTG,Salads,XL,17.42
239,671824481-3,y79AXZNQZ,Desserts,3XL,7.92
240,016542332-3,cdPTL9Ihxp,Apps,XL,8.26
241,273380812-5,NNy5maJV,Pizza,2XL,8.16
242,977213646-5,bNkBYR,Salads,S,12.28
243,773836733-4,rherrp0PbT,Salads,3XL,17.47
244,755462154-8,I4SWLUUpR,Apps,L,6.57
245,708748079-0,TZMN7pJkvr,Desserts,XS,15.3
246,217394904-7,f2a6GSB,Salads,S,16.49
247,838916959-2,VRYt3bbr,Salads,XS,10.62
248,161277550-0,iiqAzj9,Desserts,L,19.72
249,346676019-4,CLtHF91,Salads,3XL,12.09
250,809953003-9,gW9azsCIPyB,Apps,L,18.3
251,103606672-X,Ppr5AAi8,Salads,XL,8.04
252,937206106-9,Rx1XZ02BpBXW,Pizza,XL,14.51
253,238035073-6,BRocC35Ht,Apps,XS,16.09
254,431529276-1,DzUXqJbj9,Apps,XS,13.77
255,591817705-1,Rer7An,Desserts,3XL,6.83
256,572554270-X,3QHLxe,Salads,XS,7.98
257,843437435-8,uO48rCir1Yt,Desserts,XL,10.68
258,206494519-9,ElXrxro2fn,Apps,XL,12.62
259,659569632-0,kPq1J2VF,Desserts,2XL,5.56
260,232033145-X,mPnY2quTy,Apps,M,17.89
261,808012117-6,a9UF3Bf8,Salads,M,9.44
262,667429544-2,rKZviCW,Pizza,XS,17.92
263,572308567-0,TLqBlo3,Apps,M,7.34
264,663724075-3,sFi4nYvzRU2,Pizza,M,11.56
265,670186680-8,f0AKetUV2gZr,Desserts,XL,15.08
266,451130592-7,Hi7hu7LoJey,Desserts,2XL,14.25
267,843384861-5,jfMZxHzWe8,Desserts,M,11.36
268,059211519-4,zBf2KFVu3t,Salads,3XL,18.46
269,689071754-6,4H7Zeg6t8,Salads,2XL,17.46
270,183425221-0,oITX4GfWLq9,Apps,XS,5.41
271,038545781-2,ycGZMW5ZiG,Salads,XS,19.18
272,185277052-X,ax0JfXuVeT,Salads,XS,9.12
273,890830875-X,9Qtw8vqqxkuk,Salads,M,14.55
274,387291328-X,Kogj4zujdWa,Desserts,3XL,19.77
275,410887804-3,j2Omd6rp,Desserts,L,6.43
276,392693068-3,JFMmRyuV,Apps,2XL,5.35
277,219370441-4,wBgnFJ903VkO,Apps,M,9.93
278,314199817-5,k8QdpDqZ,Apps,2XL,12.31
279,034640463-0,mkc6OTU0c,Apps,L,14.98
280,897856724-X,i2EcovDZ86,Salads,S,11.49
281,933164423-X,Pqut1FIZgkFM,Salads,3XL,14.05
282,518031179-9,UcIOazEb,Pizza,S,7.33
283,723696848-X,nYHot2SrF,Salads,XS,6.09
284,010966608-9,z81HH1sypd,Pizza,XL,12.9
285,256802444-5,erF0MYfAm,Apps,S,9.37
286,070182401-8,Cre9Q650,Pizza,L,16.86
287,912321328-0,I0e6MT,Apps,XS,6.82
288,080842891-8,TNWcyvH,Pizza,XS,7.25
289,011878558-3,qzAhwydm7h,Salads,2XL,11.36
290,143583641-3,GO0oInulaA,Salads,2XL,19.49
291,427409365-4,YODSzUQSQM,Apps,S,7.97
292,796237435-7,frDKqba,Desserts,XS,14.95
293,434768277-8,2rzSkw,Salads,L,13.32
294,934795041-6,zPo6pui,Apps,M,9.96
295,903349560-0,PCMSD5mfD5p,Pizza,XL,17.23
296,439061079-1,sOE5uBVNJz5,Salads,S,18.95
297,182283067-2,bBtOgEL,Desserts,3XL,19.96
298,617591731-6,V3r7075MX,Desserts,L,9.01
299,861539557-8,QS1w8DVOg,Salads,L,16.33
300,905055290-0,67IsRl,Desserts,L,16.9
301,312531852-1,RGyRNKw,Pizza,L,10.75
302,151963282-7,zq5Unv2UP8,Pizza,L,19.51
303,736013200-2,4e9qgH,Salads,XL,8.52
304,554193670-5,5O0YGXvEHU5,Desserts,2XL,7.67
305,932739829-7,vBK3hNZG53,Desserts,2XL,11.96
306,542213217-3,KGSzxhQ5saQt,Apps,2XL,18.15
307,523548693-5,ULHcKxy,Apps,L,16.46
308,971091514-2,GM2RzA7ZwfPV,Pizza,XS,9.79
309,146647916-7,MDvAH9gq,Desserts,3XL,5.56
310,918901422-7,5rXsSz,Apps,3XL,18.2
311,758532091-4,svLg6ejki,Salads,XS,7.86
312,139100275-X,sExWo8M6,Salads,XS,8.95
313,643744521-1,FudzWOJj8e5S,Pizza,XL,14.13
314,138022569-8,rWzmpTf5vcq,Pizza,3XL,10.72
315,561865170-X,x2OpVqI,Salads,3XL,8.37
316,222677567-6,xcV9nm,Salads,XS,8.91
317,039650868-5,JMbFGsfkAw,Pizza,XL,12.17
318,148756013-3,jW0srkolgxT,Salads,3XL,18.99
319,784587780-8,pxNNOb5p,Apps,XS,9.37
320,987914559-3,L01Eqr2mYfU,Pizza,XS,15.86
321,618737777-X,jRnP2mCKjXFa,Apps,M,11.2
322,996208619-1,1yxMnkVOh2,Apps,XS,12.4
323,794251754-3,iPft6pC,Apps,M,15.02
324,920793999-1,W6Q19QbHfkj5,Desserts,XS,15.01
325,210613412-6,GsyX6uKf,Desserts,S,14.21
326,729112133-7,nDOSbRFH,Desserts,2XL,12.81
327,100804050-9,hBP1iOj,Pizza,M,15.53
328,430132639-1,AJw9ypUu,Pizza,3XL,19.02
329,293982867-9,j6hgY701HMW,Pizza,L,8.63
330,998096148-1,jEr3mjbRZw,Desserts,S,9.48
331,930729857-2,4urGVS,Salads,XL,9.28
332,714713981-X,H0yRqgevi,Apps,L,8.42
333,369186491-0,pEf3vRh3UfA,Desserts,XL,15.91
334,935246016-2,woxRkU0r,Pizza,L,13.07
335,396482523-9,PCKiTrdRhPCz,Apps,XS,13.1
336,495034288-6,i1hMak7I,Salads,XS,10.28
337,267321009-1,V3qsrWvkxx8p,Salads,M,18.05
338,525422763-X,g6ok0tjd,Pizza,XL,11.0
339,038133744-8,wdnvOK,Desserts,XL,18.18
340,112634306-4,uELdyM3B,Pizza,L,18.56
341,041869445-1,GLYoShp3sXL,Desserts,M,15.49
342,746984135-0,PlUPtvB,Apps,3XL,17.6
343,460257290-1,IiJ3fLAw,Apps,M,16.93
344,167803562-9,271aFreacoAi,Desserts,M,5.13
345,046701620-8,NJT6ST,Salads,XL,18.41
346,504023306-X,MvWyd6Yoi8u6,Apps,3XL,16.91
347,498555218-6,EuBnMgIfSnXc,Salads,L,15.79
348,567947789-0,GT7LHJdtu,Desserts,L,19.55
349,201560974-1,zIkOdve,Apps,2XL,16.46
350,436802362-5,TIgGXnWmqcs4,Salads,XS,12.3
351,675025615-5,Vz8u0GtLZ,Desserts,M,10.57
352,149322266-X,QriD7j,Pizza,3XL,13.51
353,462068057-5,ZXJqjv8Fu1,Pizza,2XL,13.29
354,278334771-7,0NU5KOsxeT,Apps,XL,7.6
355,683724688-7,yu4oyd7,Pizza,XL,16.9
356,473793276-0,SEzZzgOBwU,Pizza,S,19.73
357,833554032-2,2TRcbkR376bD,Apps,S,16.34
358,965812948-X,rZd8g4,Salads,S,10.65
359,815491817-X,tmvnmSU,Salads,2XL,17.55
360,177332546-9,kkekclED,Apps,S,17.82
361,417973468-0,L9Hd6DIIYVn,Desserts,M,11.11
362,817970562-5,RCrxIhJuWtRj,Desserts,M,18.16
363,049795903-8,AnXiI8X,Desserts,2XL,8.65
364,348121196-1,VjB7hEqOHk,Desserts,S,10.8
365,484662206-1,8PHavyg,Salads,3XL,19.28
366,567036331-0,7nUTSJTk,Apps,S,6.08
367,507983058-1,uaeSTa,Pizza,M,14.88
368,947059094-5,bZjGvF9O,Apps,XL,13.04
369,467864693-0,umzRkV0,Apps,L,6.13
370,988084112-3,subeO8iWlMF,Salads,L,13.73
371,606758896-X,Om7fAtchCCd,Apps,3XL,5.22
372,996897782-9,MX3gEvBdNLZ,Salads,L,18.14
373,672838016-7,RVDth7,Pizza,M,12.19
374,271832033-8,J7ni9ajwl5,Salads,XS,11.05
375,968164958-3,F0vZnXZi,Desserts,XL,14.32
376,833826885-2,VJHRgWKBs,Pizza,S,14.76
377,288527232-5,AXQJLyCrj2fV,Pizza,3XL,5.31
378,159231470-8,6ep79Bg66n8,Pizza,XS,17.46
379,187788920-2,KsSwqo0EeBBw,Pizza,M,10.71
380,640101559-4,79Vah1n5OYpa,Desserts,XS,7.14
381,811073913-X,6QbJSi8nOp,Desserts,XL,18.83
382,341029506-2,FsTFTD,Apps,M,8.91
383,810754882-5,E7Cc0qmmjA,Apps,L,14.81
384,209781442-5,YTDD2nviJ9E,Pizza,M,6.03
385,639276976-5,A2zSxlc,Desserts,XS,13.02
386,451184508-5,sQtZa2o6,Apps,S,7.5
387,829230689-7,Ev41cT3IyloB,Apps,2XL,10.2
388,450539762-9,mcO7RBlkzlZc,Pizza,L,18.04
389,563970574-4,Jl0sGtwY,Salads,S,9.72
390,217519220-2,yHtEUSld,Pizza,XL,9.33
391,711842024-7,KW27QiV8aL,Pizza,2XL,15.66
392,771140451-4,EqkrCo7y0Mp,Desserts,S,12.14
393,437143556-4,g69JgO6TK,Desserts,3XL,16.61
394,129556368-1,Iqsn8fQRuvFi,Pizza,M,8.16
395,038761434-6,Ry26iubPO,Desserts,S,16.78
396,208463191-2,RsreOgyZMX,Pizza,M,5.6
397,343064163-2,oxDYxMUJS1,Salads,XL,17.53
398,004680133-2,bz4PrD,Pizza,2XL,7.55
399,274079689-7,kVR31Az,Pizza,L,5.46
400,889982806-7,SA0TZl,Apps,3XL,18.74
401,726878904-1,TC2rVxmqFrC5,Desserts,3XL,7.47
402,482959791-7,wjzBYYw,Desserts,S,8.77
403,513469243-2,yMX3IdBwdL,Salads,XL,19.21
404,119846375-9,uAiCn3n,Salads,M,9.72
405,213441392-1,fDT809Vxv,Pizza,M,7.24
406,965842159-8,omgOnsmLpzVV,Apps,XL,9.41
407,456499201-5,5RFWyI0d,Salads,XS,6.25
408,199959881-4,vE5e1KABX2,Salads,S,6.06
409,982884247-5,Pi73vYhK8,Apps,L,8.34
410,592102934-3,E3S93b2lFZ,Apps,M,7.69
411,235469923-9,GjjUeR8,Apps,2XL,13.39
412,896762630-4,HmeUBB,Salads,2XL,12.56
413,947784503-5,GcE4RrL,Pizza,S,7.79
414,195931853-5,v0VAS336eXvf,Salads,3XL,10.4
415,455963458-0,FEPtztb0AL,Pizza,L,9.69
416,238998810-5,MhUts6cdQ38,Pizza,S,17.46
417,007110633-2,sEUkZViG,Apps,XS,5.39
418,014636100-8,2dCbJng8Y6M,Apps,L,8.41
419,029133047-9,J0qHPnzwdQ,Desserts,L,15.15
420,859206034-6,KWveHf5T,Desserts,3XL,14.65
421,488201165-4,MpQMlA,Salads,M,5.92
422,190368495-1,lv7XSNf763X,Salads,3XL,19.34
423,755904496-4,wicn4DZd,Pizza,XL,5.44
424,026701662-X,kZy7TzDP,Pizza,M,9.1
425,998978875-8,mfN27eQkEl,Apps,XL,19.44
426,303349968-6,VbpJgbxM,Salads,L,18.45
427,974675224-3,V8cywwXY,Apps,3XL,5.08
428,335126795-9,FgWxUSbY,Desserts,S,12.93
429,759311663-8,5H4XpGByM6,Pizza,2XL,16.68
430,211623824-2,reAmwvgb,Salads,2XL,10.02
431,450978411-2,cvb0NmMDWcbj,Apps,XS,12.6
432,142618551-0,aPM0T8,Pizza,XS,12.13
433,851033033-6,w6KcuXz7u10L,Desserts,XL,11.17
434,101842811-9,Gb16xF61,Apps,L,16.6
435,012901953-4,YY5msLp,Salads,2XL,7.1
436,883367479-7,aROESwm2,Salads,M,8.7
437,844191881-3,E6pITuB,Apps,2XL,6.19
438,856197404-4,bnfkrzPFPxb,Desserts,M,8.74
439,252139173-5,MtZecyHvfq,Desserts,L,15.26
440,963463261-0,z6UBIL45,Pizza,XL,18.32
441,103966530-6,9IxiEqhEl,Salads,L,9.37
442,072566511-4,czDf8aI3g8W,Pizza,M,7.96
443,892023981-9,AFR4MqjQitA,Apps,L,5.97
444,418937461-X,urfmWBu6BT,Salads,XS,8.16
445,792869555-3,OWc1zmWPr,Salads,S,13.64
446,255517222-X,ulps1QN5hj,Apps,XL,5.68
447,924847670-8,D1EHE8nMey,Pizza,XS,14.88
448,318308781-2,kdxrPk2fnf,Pizza,XL,14.83
449,929756387-2,RTVLZ6,Salads,S,10.62
450,120573962-9,un19HQSF,Apps,XL,12.04
451,353014683-8,7ZtFLfyzQc,Salads,L,11.23
452,212293134-5,qasUARlZAk6P,Pizza,XS,12.76
453,525876944-5,EOkgOW5,Salads,S,18.7
454,234212908-4,sIh3q93Dq2,Pizza,S,8.72
455,617052812-5,gwx8GIJ,Salads,S,15.07
456,090816841-1,UJxTFsY,Desserts,M,10.97
457,575293977-1,3TVC7G5jp,Desserts,2XL,6.85
458,872044385-4,q0xCJ02wR,Apps,M,9.87
459,682011977-1,rN7hT8fbXPn,Salads,S,13.91
460,020219806-5,ldtTTGrl,Pizza,3XL,15.14
461,912925236-9,USQnjFkF,Apps,2XL,12.8
462,133766639-4,azPv9KGf,Salads,L,15.12
463,630888366-2,KNqYCeIJnX,Salads,XL,16.64
464,355624999-5,36p4k5,Desserts,L,8.04
465,298126378-1,vwxTDo5,Apps,XS,16.01
466,341731104-7,3DJLM98DGQ1R,Apps,2XL,12.01
467,910119963-3,0TaAIy,Apps,S,15.99
468,828012874-3,OzkHR1r,Desserts,XL,8.43
469,558813825-2,6wHWsw5lj11F,Pizza,XL,19.03
470,781940914-2,6QnCtcx,Salads,XL,7.04
471,786719307-3,EVjjvvvXFbx,Pizza,S,13.97
472,642070018-3,EoFPuj5e,Apps,L,19.49
473,728160643-5,pfYHEYpOBpn,Salads,M,11.38
474,272533359-8,b6X8k79,Desserts,S,12.52
475,984980277-4,QWAeMFPXB9j,Desserts,S,7.3
476,797780949-4,eC5D6rh4bhW,Pizza,L,14.95
477,600039416-0,wToOyyMzSZge,Pizza,L,18.14
478,554480092-8,Nt6YVun4uy,Desserts,2XL,10.14
479,482162149-5,SO0QqtarT6D,Pizza,XL,14.25
480,103594804-4,e4j3xUa,Pizza,2XL,15.29
481,019111079-5,jKSMUagV,Salads,2XL,7.37
482,873282193-X,35PS5yoQv,Pizza,XS,5.79
483,034053925-9,LGYDqmvvK,Salads,XS,15.51
484,568904179-3,B2ElAwuQhlhi,Apps,XL,9.02
485,085734966-X,YcS4NxppJ9a,Apps,M,13.25
486,417892421-4,sbcCvhNSH4wX,Desserts,XL,8.55
487,260857964-7,8IxpW7Of1uh,Apps,M,15.92
488,070414306-2,ca2smtwi,Desserts,S,17.56
489,062617682-4,vwp79PlvY,Pizza,3XL,6.11
490,023615297-1,9XzixJJpxJKl,Desserts,2XL,7.32
491,415794267-1,cjz1NfEkXy2,Desserts,L,7.96
492,471540145-2,CSgHsw97,Pizza,L,9.06
493,682718118-9,KgVb8ym,Apps,3XL,18.27
494,178356321-4,gPuF7GadH9,Desserts,L,16.98
495,452321674-6,tqwkhaPQV0,Pizza,XL,6.7
496,926320062-9,ha7q9XB0zDH,Desserts,L,15.82
497,032845140-1,JdSBt1,Desserts,2XL,15.59
498,540492226-5,mYZFvw,Salads,XS,18.86
499,094856704-X,1TBcX1ExXr1,Apps,M,10.95
500,492033958-5,QY0zcxvh7oM,Salads,2XL,12.47
501,776576983-9,inwUE4LCqUwg,Apps,2XL,13.28
502,974788259-0,KBN8bj,Salads,3XL,17.11
503,105388019-7,PzOzdS3uj,Apps,S,6.56
504,795647729-8,A9pOzB,Pizza,S,6.56
505,732969937-3,OoFHibH8q,Desserts,L,16.33
506,448138355-0,jGLIvSSUK,Apps,2XL,11.76
507,618495326-5,9oM73v0,Apps,3XL,11.59
508,854040792-2,EwQxaV,Salads,XL,16.75
509,425789969-7,KDRTi37YDojl,Desserts,L,7.02
510,086570015-X,hBnjym3Mwy,Pizza,XL,16.59
511,198006237-4,XVOiKu7pTt21,Pizza,L,7.27
512,863212667-9,je6ToUTK,Desserts,M,12.57
513,948692813-4,SZltMFjL,Salads,XS,15.51
514,736665350-0,eCeFUdO8Brbl,Apps,S,9.84
515,698089341-6,vbwaQJYsuFzG,Apps,2XL,7.49
516,847204232-4,WGBQ1sOb5,Apps,2XL,14.82
517,419698495-9,YPpcTtp,Desserts,2XL,11.93
518,973615606-0,DVVBgOJLP,Apps,M,7.85
519,490353768-4,4ajUYAe,Pizza,L,15.01
520,582541179-8,oZvnY2w6K,Salads,L,13.68
521,229143024-6,spgdg0KT,Apps,XL,18.55
522,798362683-5,DoN05FgWl,Salads,L,17.34
523,934215377-1,UVvGGHbu,Pizza,M,12.21
524,676768544-5,bPd6oYeOy,Apps,L,5.83
525,193649312-8,YPzrbv0oH,Apps,XS,5.7
526,275894534-7,NdXqiS8AwSTQ,Apps,S,17.76
527,306446513-9,AunU4cbMuGuY,Pizza,2XL,19.41
528,982368513-4,a3N5cYmoXm,Apps,M,12.23
529,840104871-0,sZpAVfU,Pizza,S,11.28
530,298282067-6,VZX90dDceZ,Pizza,XS,16.67
531,793054590-3,2gsYn6StWw8X,Salads,3XL,8.71
532,295665404-7,04vZbs,Pizza,3XL,18.4
533,819715415-5,9aN5kwUK9FWM,Desserts,XS,12.68
534,457523970-4,1RWREHtwBO,Apps,L,6.53
535,035795884-5,zB8UfsW,Apps,3XL,11.7
536,995549045-4,AxovdwOpmV,Desserts,2XL,9.24
537,449904252-6,nVhHld,Apps,M,11.51
538,137138281-6,bYsJzfKOITG,Desserts,L,7.26
539,847728472-5,LoNRNNLe,Desserts,XL,5.69
540,098471242-9,Ox2kbz,Apps,2XL,12.06
541,719553724-2,gjnF6iQzQW,Pizza,XL,15.43
542,450842481-3,UCPjpOiL,Apps,XS,5.56
543,329311641-8,TDmns8LjbdkE,Pizza,S,17.75
544,732786354-0,H8y38BPQtbT,Apps,M,19.63
545,187763772-6,cDMWqM0Z,Salads,XL,18.97
546,596937180-7,d9xCQGkhvJzz,Desserts,XL,17.83
547,778501507-4,dA4ut7xCZiH,Salads,3XL,10.35
548,290798470-5,5vs1knkP2,Apps,XS,14.59
549,144791987-4,J3QfS6K0cqb,Pizza,XS,9.28
550,167394546-5,doH6aB,Salads,XL,13.63
551,796680344-9,Mqv0qz,Apps,M,18.64
552,012480358-X,VbiSQT7Rn,Desserts,M,10.77
553,274739970-2,PF0yTyftOvq,Desserts,L,10.11
554,553906133-0,KxOsDO8x2Vi,Desserts,S,6.93
555,818234343-7,F7nfWlJwb0U,Apps,M,10.2
556,951753822-7,CtKaxkd0,Apps,XS,5.29
557,595457970-9,ozXcPnxk3,Desserts,XL,7.08
558,605193703-X,yQwUR9,Apps,XS,10.06
559,227645052-5,5qhan3lL,Salads,L,15.87
560,685575279-9,ECwbSj5zb,Salads,XL,9.99
561,406956004-1,lCPR1w0q0j,Apps,M,8.12
562,555697578-7,zCPYV5SGEI,Apps,XL,7.87
563,693243459-8,uI05GOG7,Desserts,3XL,15.88
564,673412777-X,iiXTHTeoKrp,Salads,S,18.75
565,654413478-3,XCK2rkleDFX,Desserts,3XL,15.24
566,409648293-5,iZeRK3RnOz,Desserts,3XL,7.08
567,630524619-X,MMqhyXhy,Salads,XL,5.42
568,943465673-7,ylVtSogZNTDp,Pizza,L,10.63
569,284853032-4,WLQkE4fp,Desserts,L,14.79
570,798039012-1,KoEBRQm8,Desserts,M,19.69
571,467574348-X,QJeLJm,Apps,L,8.79
572,589264680-7,phSdHGCOf,Pizza,L,17.93
573,235289420-4,VBH2pGLzWdg,Salads,S,13.41
574,256267738-2,gAyoMo4jWx,Pizza,XL,9.28
575,098622926-1,AlwqCG4fVQK,Salads,S,16.96
576,767800110-X,2bmScVRYVSp,Salads,S,10.63
577,991345058-6,zV03mPxtL,Salads,L,6.66
578,915747990-9,BLcW68FqKd,Pizza,XS,10.64
579,935076155-6,wj9k7fEf9k,Desserts,XL,15.28
580,823539367-0,gU3evNpL4,Apps,XL,15.21
581,432048982-9,sinGk6,Pizza,S,18.91
582,325640641-6,bur5WEuuKC,Desserts,L,19.68
583,067335233-1,3miwi3,Salads,M,10.21
584,195627924-5,yquIWAW8IyG,Pizza,XL,13.16
585,293627524-5,Tlk2IKudR3k,Desserts,XL,10.13
586,943211227-6,I6hfWwTKFyvP,Desserts,3XL,11.55
587,429332072-5,WoywVkgG,Salads,S,11.22
588,874021413-3,izlkZOZ,Salads,XL,6.52
589,859160421-0,QvJkFmGvK,Desserts,S,14.91
590,794136918-4,UPL3BO0pziVD,Pizza,S,12.88
591,193687355-9,8npzdbT0,Salads,XL,9.06
592,652936134-0,6NhkKqFfW3wV,Salads,XL,6.04
593,803436235-2,gtz2t2t,Desserts,M,8.43
594,150322062-1,EGXy96Wyd,Apps,3XL,17.06
595,201559113-3,FoAI0EnvM,Salads,S,12.34
596,964978456-X,P8t0OmxQ,Pizza,3XL,10.91
597,557295901-4,DfGEKxkuRRK,Pizza,M,8.98
598,458827607-7,hx2AnLTXe7SF,Salads,S,18.07
599,385861058-5,sKx1G6Of8,Desserts,M,15.79
600,498124305-7,kUToKHL2Q5,Desserts,XL,9.87
601,046846523-5,U5eGzOO80tUT,Pizza,XL,13.89
602,735080953-0,5zLMIbQ4A,Pizza,2XL,13.92
603,554963792-8,9a81WBh0GWnI,Pizza,M,5.44
604,814655111-4,kTaiJSxH911Q,Desserts,XL,15.57
605,869004172-9,HXIvM68Zxbux,Salads,L,7.45
606,385315049-7,ZcGdBwuz,Apps,S,6.92
607,531308208-6,ozNQo9A3rK,Apps,L,15.05
608,348664656-7,aon3zEb,Pizza,XS,9.39
609,456484308-7,2BrzDeJYq,Apps,XL,11.11
610,331085819-7,KQaPLJM7,Desserts,XL,17.0
611,850224595-3,G06JeocF,Desserts,XS,19.43
612,077714963-X,4NWyHyAnU,Salads,3XL,12.24
613,797777486-0,wPwMt2z,Salads,XS,8.27
614,467471650-0,Cxq7LA9Mfep,Desserts,XL,14.07
615,790183390-4,oF522B,Salads,L,9.39
616,367625047-8,OkQ3IXEwuUxN,Desserts,3XL,17.07
617,590820592-3,PW0J7RRt,Apps,L,5.05
618,748521931-6,9PreaJFUlt,Salads,3XL,19.76
619,706451307-2,XoOglLys,Salads,L,13.52
620,790829090-6,Uf4iJPrly,Apps,M,15.97
621,172375832-9,kKuekh,Pizza,M,8.12
622,128192441-5,MbMXkx4hK7qW,Desserts,M,14.28
623,314864905-2,LSicCitK0rEb,Pizza,M,7.62
624,735038786-5,70s5RE,Desserts,L,19.1
625,384879392-X,by1YaBT5,Apps,S,10.25
626,407590367-2,QySPYivlSLh,Salads,M,12.36
627,649065523-3,rDuCd3czkh,Pizza,M,11.66
628,524186948-4,YbEUInPElXg,Desserts,S,15.8
629,436213018-7,9vCi8ew7GI,Salads,XS,18.05
630,684032958-5,GwZzNzGMVlk,Desserts,S,17.69
631,767922999-6,ZYZ0kA8DZ,Pizza,S,16.69
632,073056703-6,tCf63o8tJ,Pizza,S,17.2
633,772565324-4,ZsLf1XldlP,Pizza,L,8.77
634,742360398-8,1W6laO,Pizza,S,9.42
635,228447467-5,N75oCT,Apps,3XL,10.16
636,681815115-9,m3xFSGcte,Pizza,L,9.73
637,820001329-4,NsWWorZ6KXK,Apps,2XL,17.65
638,480702616-X,vRy5FCUh,Apps,2XL,9.6
639,554465492-1,W7efWhQYbzZ,Apps,S,12.57
640,896133540-5,S4dPt76sHwQ,Pizza,XS,17.37
641,216621526-2,GlMw7Uw7,Desserts,M,7.21
642,648722614-9,fP2mhdB,Salads,L,10.1
643,591898262-0,nIUHgHmpaGG,Salads,XS,8.1
644,848970647-6,IhlCMc,Pizza,XL,16.43
645,570573293-7,uUAh6z7,Pizza,3XL,19.69
646,673720315-9,7rcj7vNftFH,Pizza,3XL,6.09
647,167064268-2,dJFMnqGuPqp,Apps,3XL,17.44
648,748151407-0,Z1K5NDfwk,Apps,XL,11.74
649,838722744-7,ibWpv9E7U,Apps,M,16.35
650,676319215-0,G4ObNmOh,Pizza,S,11.78
651,151444156-X,S1lXBU,Apps,3XL,14.21
652,408616287-3,hyVfPFA9wwt,Apps,S,17.72
653,028940909-8,y2C7q4qqBB,Apps,S,16.26
654,677412837-8,ElveMiwwPL,Pizza,XS,6.01
655,759546809-4,5PEWd5nfhH,Pizza,2XL,15.31
656,119740556-9,vEO7DdOMc,Apps,2XL,5.72
657,453078546-7,Lp5VbyB72,Apps,2XL,17.61
658,626609884-9,6mhTiH2bNxZa,Salads,L,14.66
659,875639362-8,qp5n8Ze,Apps,XL,14.96
660,726521409-9,ezmteaA1U,Desserts,XL,11.16
661,005248602-8,fKrUMEyB9RJ,Salads,2XL,5.44
662,064428798-5,UneRsdqNA,Desserts,L,19.22
663,179084477-0,nvJjO7,Desserts,XS,8.93
664,435492491-9,u9ntgzL8ZZiL,Pizza,3XL,8.1
665,430730393-8,FT6sXCJwxxft,Desserts,XS,10.62
666,471093810-5,IJMFamS,Apps,XS,19.34
667,178346082-2,Vma0POv,Salads,S,7.68
668,407040337-X,defplh4xS,Desserts,M,17.0
669,143848614-6,SwGCbk2qiSQZ,Apps,3XL,13.73
670,585594676-2,2EpVR1hQv,Apps,3XL,18.2
671,363248519-4,NacNt5CVnT2,Desserts,L,14.0
672,119703142-1,YVU4Op5Y,Salads,2XL,17.55
673,151112326-5,ZGGA0t9mu,Salads,M,19.99
674,751555624-2,lVCiMJBDC7q,Apps,L,19.92
675,136364012-7,aX9vyh,Salads,XL,10.42
676,660483842-0,zCKnxYX,Desserts,S,16.98
677,672966431-2,12eXSxl4iCsm,Pizza,XL,15.13
678,540984949-3,Y1xLjIj00xyc,Pizza,2XL,12.25
679,549092343-1,dvl3XS,Apps,L,6.16
680,006929664-2,D8WLZfqr6,Pizza,3XL,19.92
681,316938164-4,WcrMLBsPThuV,Desserts,XL,6.87
682,329796375-1,tsCtasnJ,Desserts,XL,10.54
683,692397073-3,6BkjzxSuNg,Salads,S,11.79
684,708322398-X,LVee9OxvEd,Desserts,3XL,15.87
685,266078955-X,eAlqZhC4sU,Pizza,XL,12.59
686,632847465-2,u7XDywk5x,Salads,XL,16.76
687,933784977-1,gB28FR6,Desserts,XS,19.26
688,290717065-1,cKF1sPIEr,Desserts,XS,16.44
689,369798479-9,mct6tKaTVWVA,Salads,XS,12.76
690,326267423-0,EACk7b2Oe,Apps,XS,5.51
691,665991690-3,tLQJ6V,Desserts,L,10.61
692,052463512-9,FYcDXkOV,Salads,M,16.51
693,963678220-2,QJ7aZ8,Pizza,M,6.9
694,463711836-0,MjFKYYnB,Pizza,M,5.38
695,129737179-8,HsoOCiifRgi,Salads,2XL,5.08
696,782496632-1,FncQXSU8Z,Apps,S,10.88
697,606790364-4,CWG2u1,Desserts,XL,7.47
698,490506887-8,85c5fR,Pizza,3XL,14.44
699,424924026-6,7O2JEmbw,Pizza,S,17.77
700,602075445-6,xPN0KaKPMKha,Apps,3XL,7.66
701,310892753-1,SLRXV7c,Desserts,XS,17.86
702,628283480-5,QwU4hJkK88r,Desserts,XL,19.17
703,861520349-0,XXhFsu,Pizza,2XL,16.77
704,170578797-5,AKDgfyyDU,Salads,2XL,17.16
705,304949440-9,l95Vp1,Desserts,M,19.37
706,559817215-1,FYkcxwod4nnL,Pizza,3XL,7.79
707,408255927-2,oe2xdn22J,Pizza,M,14.34
708,691338620-6,qOZY1Cmk0ta,Salads,2XL,6.98
709,807605456-7,n6z5UKl,Apps,M,17.63
710,551638405-2,ab9jkWHQI1oK,Salads,M,19.58
711,671157244-0,yvMQjn,Desserts,S,18.02
712,102537317-0,uawGxdoAX1,Pizza,M,6.31
713,638994715-1,9RD1j77C8,Pizza,S,13.33
714,749993171-4,wdOxWDVQEFC,Apps,S,7.34
715,491428136-8,1EYk2V1h,Salads,S,6.89
716,931323139-5,4rnyBeM,Pizza,XS,14.8
717,011302076-7,kcJrwUVEj,Pizza,L,12.07
718,625176358-2,IHrqED,Desserts,XS,12.46
719,419820258-3,DEYQZ86m,Desserts,M,6.74
720,562046491-1,8BWSA7G,Desserts,L,5.46
721,629878166-8,x5g5SI4ZkNjU,Desserts,3XL,19.39
722,521812136-3,9j38d459pI,Salads,3XL,19.73
723,497641674-7,eO225T57IX,Pizza,2XL,16.45
724,924557526-8,aJiQyIX,Pizza,L,18.34
725,542607471-2,aBtprG0cH0N,Salads,S,6.45
726,505554693-X,BAODck,Salads,M,14.74
727,788104404-7,dgrW7SP,Desserts,2XL,17.29
728,984960548-0,WQfx7at,Salads,S,8.9
729,698058933-4,yxImY1CHZUF1,Desserts,3XL,19.88
730,729819873-4,hS7R33n8Oig,Desserts,3XL,18.33
731,302240039-X,8ayciQu3I,Salads,S,15.73
732,819365988-0,7W3bJXh1t,Pizza,2XL,19.44
733,248212285-6,cPeEFRy3DL,Desserts,XL,11.43
734,925783205-8,55nSYP,Desserts,M,11.82
735,365041663-8,nCVtCgsrX,Apps,XL,15.53
736,718152430-5,qBfNMZTlQt,Pizza,XS,6.17
737,983251859-8,BJ63GEAl,Pizza,2XL,13.0
738,189585330-3,VVyr4kl,Desserts,XL,16.94
739,790090039-X,iwQpFkpqBj,Apps,L,17.45
740,328411411-4,jSufLOoSE,Desserts,2XL,9.88
741,591175852-0,6jBmDgB9hB,Apps,S,15.03
742,771164618-6,unAfWFG,Pizza,S,6.81
743,492311761-3,qbIbED3HVe,Desserts,L,8.11
744,534536138-X,eQx7DONGBn,Pizza,S,18.97
745,624868819-2,joO6ts2,Apps,M,7.12
746,818857125-3,b5p2Ahkq,Salads,XL,6.57
747,819595172-4,2VC2pPaS,Salads,XL,9.43
748,255054783-7,W0I4z0Nc,Pizza,3XL,5.68
749,784158253-6,Jc3qnMTOX9oD,Apps,3XL,19.64
750,264574821-X,ZN87Qjd8,Desserts,M,14.12
751,024940999-2,OmbZbZb,Desserts,M,6.1
752,550121064-9,P4st2ovL2,Apps,L,13.06
753,241990518-0,xgWGPpo,Salads,3XL,5.67
754,704665882-X,wm3kst7Sxn8y,Salads,M,8.65
755,211279524-4,r3mhCH,Salads,XS,15.54
756,084378994-8,3v4GeyGp,Pizza,XL,12.67
757,514887339-6,I9CyMtM,Apps,XS,11.98
758,454256291-3,MlreRFU,Apps,3XL,15.68
759,700379411-X,j5JxprWk0y8,Salads,L,15.68
760,843696308-3,hPxyAIN1,Salads,L,19.27
761,071165092-6,uYbL0drpU,Desserts,L,7.06
762,337563498-6,iS36cq6Vztx,Apps,L,9.4
763,775457122-6,kJpG87,Desserts,2XL,19.57
764,594088018-5,djegyz56GW,Desserts,XL,8.12
765,679042639-6,xWVB5r,Salads,XL,16.46
766,120357568-8,Jl3Mwt9E,Desserts,XS,14.73
767,427305320-9,Pp5fdVHKak5,Salads,XS,15.97
768,930866329-0,ssLb24W,Apps,2XL,9.76
769,202156690-0,h7zrhebKiNtk,Apps,L,17.17
770,576654473-1,Vt8bBx15,Salads,M,18.21
771,585426357-2,CVy1TGlA,Desserts,XL,11.11
772,652778274-8,D1Zq87ma,Pizza,M,11.05
773,409913708-2,uSGP1ycy737r,Desserts,2XL,19.12
774,043294089-8,wlGzSuthTuU,Apps,L,17.42
775,144622627-1,Q3kkYDD6eQd7,Salads,2XL,11.34
776,103221463-5,v4fgZzw,Salads,XL,9.63
777,687120291-9,j2uKLvwgr,Apps,3XL,10.72
778,336958769-6,xWpqogY,Pizza,2XL,7.74
779,570912966-6,jTB6smuxmQ,Desserts,2XL,12.16
780,016001155-8,3b2RvpHz,Apps,S,10.63
781,947435163-5,PKAp3HAC8r,Desserts,S,8.58
782,123808470-2,na8HqVEBb,Apps,3XL,16.27
783,435434182-4,iEIRLhrCuD,Salads,S,7.92
784,994550322-7,RGoeOaktXRp,Desserts,XL,6.37
785,175586382-9,IYOevlw,Apps,L,18.7
786,387397509-2,wmc9tq,Pizza,XL,18.27
787,236855614-1,uCHVxuj9Pga,Pizza,2XL,16.0
788,931152591-X,HmgIPPSixRF,Desserts,3XL,6.37
789,104227807-5,AGuVkKOfiKe,Desserts,M,15.56
790,844463190-6,ozKPLjxMB,Salads,L,18.57
791,771275491-8,wBkBAKL,Apps,XS,6.03
792,061347693-X,Ud8tU20v0c,Desserts,2XL,19.72
793,790342468-8,TOUpK4,Pizza,L,12.29
794,528214031-4,e6soZWCt9LH,Desserts,2XL,15.82
795,653746002-6,GyGW0LTI,Pizza,L,16.78
796,607744615-7,pMiolpR6zOL,Apps,S,6.09
797,840036650-6,PGDRxJRab9P,Desserts,2XL,11.8
798,678879577-0,foHhpciDTpy,Pizza,S,5.82
799,911144059-7,0vCf84Q2sfQ,Pizza,L,13.6
800,759337431-9,FbJem7NLZA,Desserts,S,7.31
801,065246311-8,xejKUS,Desserts,3XL,14.03
802,605728908-0,DXFcgS,Pizza,L,5.59
803,470922445-5,LCYFMqSbZw,Salads,S,6.19
804,382727406-0,3yNYKcGM0j,Apps,S,16.46
805,722941749-X,xtdWJeXAa,Salads,2XL,11.3
806,056409228-2,OIlB41IP8e7,Desserts,3XL,9.83
807,446738433-2,2UJro8W,Apps,M,14.2
808,193096860-4,GzZoYmBk,Apps,M,8.85
809,635211687-6,PGAwTsi,Pizza,M,11.04
810,734340017-7,VfiS2ofxfq,Salads,XL,13.01
811,469885637-X,dSTcT3rze,Pizza,XL,15.98
812,773843739-1,FL2hio,Salads,XL,17.57
813,913633528-2,5OlaOruy1,Desserts,M,9.73
814,207781484-5,iSyNiV7cF,Desserts,S,12.73
815,474911120-1,fNQ0SaoHV,Apps,L,9.57
816,705556428-X,s2RyjSL9U8QZ,Desserts,L,6.95
817,033326486-X,dNLySbgvvui,Pizza,L,16.79
818,671543606-1,d1Q3tA,Salads,M,10.76
819,791241397-9,eRT7cxOM,Apps,S,5.73
820,327152308-8,y5BOcLf,Apps,XS,11.99
821,214908783-9,sCgFs8cMgQ,Pizza,S,12.77
822,014534723-0,l7en5pD,Pizza,3XL,15.09
823,063143100-4,CLRLwNY,Pizza,L,10.47
824,502582785-X,uLlXP6EnDxq,Apps,XS,6.73
825,695960907-0,hZZ7eWRnX,Pizza,XL,7.55
826,661959728-9,0Ev4EDAv9QU3,Apps,3XL,5.11
827,681177649-8,6d9MF5FCn8g,Salads,L,15.68
828,479109091-8,3r68AUPH,Apps,M,15.65
829,352935319-1,Jv7e5H8,Desserts,2XL,17.24
830,327039618-X,WVttTT,Desserts,M,17.47
831,365384544-0,gRC6MoyCC4t,Apps,2XL,18.59
832,721767441-7,sRn74yc,Pizza,2XL,10.5
833,012922045-0,7tey1AIC0c5M,Salads,S,18.31
834,500507434-1,fnrIchRsWJB,Salads,3XL,18.63
835,579290799-4,m31Tzi,Apps,S,14.94
836,438151007-0,ZFu9iwHlYUV,Pizza,2XL,6.59
837,609711661-6,WZprJ9,Pizza,L,5.29
838,118678127-0,ciN8dFQdwqD,Desserts,L,18.87
839,584444732-8,u6yMQhFy32g,Pizza,M,12.0
840,224515044-9,M2zlpeEtzI0N,Apps,2XL,7.13
841,428806067-2,vUSneqS,Apps,M,13.4
842,812720548-6,acZgfLWPMv,Salads,3XL,19.55
843,103673910-4,a6kVvGFaG9G,Apps,XL,14.29
844,594002641-9,DMEUuQpZzNy,Pizza,XL,17.71
845,486991004-7,h8PiFXujAgtN,Salads,XS,16.44
846,416775837-7,zdKYkDkrvQi,Apps,M,18.67
847,248429923-0,tnWCWHk,Salads,XL,9.95
848,862764866-2,YyFwwSL0P,Apps,S,7.39
849,279523104-2,n8jLgdhoVn,Apps,XS,15.32
850,466001911-X,gUQxqAgIZ,Apps,M,15.54
851,473277971-9,l2Q8RD9fw,Apps,XL,17.76
852,897983762-3,syg8yOOya9q,Apps,XL,12.86
853,583186686-6,yHOoruNemE,Apps,3XL,6.51
854,515991513-3,WXtWYF5FC1Db,Pizza,S,14.06
855,456395025-4,zaZNsBsa,Desserts,XS,12.16
856,629426411-1,4WzEyq6I8Rq0,Apps,M,12.25
857,500939093-0,2Vl8CdqlA,Apps,L,15.02
858,228697360-1,teszz3eB,Apps,XL,12.21
859,707841826-3,OpqnWWh5,Desserts,M,10.82
860,909304851-1,sZI4PwpF92Q0,Desserts,2XL,19.95
861,341517730-0,Nufq8ffECaEm,Pizza,M,8.48
862,338393178-1,Iz7OxHX,Salads,2XL,11.35
863,678158062-0,6kealW6tvOsE,Salads,L,18.87
864,828415370-X,uBmfU7A7,Apps,2XL,19.48
865,481745198-X,V8o5LG,Desserts,XS,19.4
866,987370086-2,uS7u3Brpc83,Salads,XS,18.47
867,360576084-8,LluxIWKX,Apps,XL,13.61
868,449724895-X,KFVcRvHWshIy,Pizza,S,15.72
869,371134966-8,jrjzd0p7,Pizza,M,10.3
870,332719438-6,Dbftoa,Pizza,M,8.27
871,532461976-0,Y3FLlpt,Apps,S,10.0
872,896520028-8,xWsP4SQg,Apps,XS,5.38
873,439231665-3,APNvEUyG,Apps,XL,18.23
874,272093492-5,50HHK8,Salads,L,14.68
875,875777257-6,nYXymWx4,Salads,L,9.72
876,684044569-0,vB405bVIWb,Pizza,L,16.22
877,822846703-6,hDUmVz5b,Apps,2XL,8.95
878,626558225-9,AyuOenL7B,Pizza,XL,16.71
879,048569156-6,mTMfCLFrHtIV,Salads,2XL,19.1
880,176975375-3,ePpwbshI8kV,Salads,L,6.74
881,960018681-2,8gFoer,Apps,2XL,8.19
882,111115782-0,sql9LEyyZ,Apps,S,16.48
883,790484876-7,0WEpN8c,Apps,XS,15.18
884,731762300-8,81QtQW,Salads,3XL,19.68
885,320801851-7,12ki4InmH,Apps,XS,15.56
886,507846958-3,qjyJhNnokY,Pizza,M,8.4
887,090791118-8,N1KSuOyENIx,Desserts,2XL,8.32
888,147702287-2,Amr3HmWMcN,Apps,XS,16.25
889,520160766-7,tn5xU6emiPV,Apps,XL,6.35
890,683400340-1,MDQYjICr3Oce,Desserts,XL,19.19
891,154585711-3,rir5Pz6ozn,Desserts,XL,19.31
892,488673614-9,AzBTz2w,Salads,XL,14.51
893,502469377-9,Ph3KFO,Desserts,XS,8.67
894,371836540-5,Dpn74sUQtBT,Desserts,XL,14.22
895,426567655-3,3SqRLoLhv1,Apps,L,9.63
896,627927951-0,Um6zFFdu,Desserts,S,16.14
897,465190865-9,qxa0WucibH,Pizza,XS,17.5
898,477919068-1,id5fjKdq,Salads,3XL,18.99
899,195125799-5,yVAZw4bnZjf,Apps,L,9.56
900,910255158-6,VPtHfmZ7,Salads,L,13.62
901,590505124-0,M4zp6lTRuRd,Salads,XL,6.75
902,609729938-9,YLd1HiO6B,Salads,S,11.76
903,102747427-6,Zc6JHz61,Salads,XS,15.03
904,950624719-6,BnSGkinE8,Apps,XL,8.36
905,928261132-9,NZ6YQMQTbO,Apps,S,5.05
906,500341533-8,7bpn8M,Pizza,XL,7.14
907,760377544-2,w48qs8K0RPR,Salads,L,18.19
908,284086215-8,hdVHjniSPKus,Salads,L,14.53
909,854568344-8,8gcUkTY3,Salads,2XL,15.56
910,697870406-7,Gl8QjFip2leU,Desserts,L,9.02
911,231361697-5,yfgQYSIW,Desserts,S,10.94
912,601359017-6,khOZWY,Pizza,XL,6.94
913,497219983-0,BYca5gn8,Pizza,M,19.82
914,230474529-6,OZmBmbSC,Desserts,3XL,5.46
915,428621468-0,LqCYmtGk9,Salads,3XL,7.48
916,529294674-5,xWRVpopTJIY,Salads,S,17.75
917,100623215-X,jamqgDxO3e,Salads,2XL,7.16
918,451168024-8,4IzEMGj,Apps,XL,10.24
919,194413223-6,LPe7b8Fc,Desserts,XL,13.56
920,725639099-8,2UiisARBBP64,Salads,XL,5.92
921,526622992-6,3l2OZwZI,Salads,XS,6.63
922,269032896-8,jOicSfw,Apps,2XL,7.92
923,185477765-3,5gU33anktOnZ,Desserts,XS,18.63
924,101103489-1,Z4rh22HU,Salads,XL,5.88
925,102915994-7,8zpPSzs,Pizza,L,19.12
926,666399802-1,1n10cSYg,Apps,S,18.28
927,787926973-8,IxLWQXAKY,Salads,M,12.47
928,721950863-8,GvSxgBQMRbK,Desserts,3XL,17.09
929,211773327-1,NA7WeAq,Pizza,L,14.73
930,228731990-5,Y3YdU3Bu,Apps,XL,6.35
931,684090848-8,zIfJ60,Pizza,XS,18.06
932,561502949-8,67iQG0wDn,Salads,S,8.06
933,133648230-3,4mqdXKmals,Pizza,XS,18.45
934,701844579-5,WXyyF5MnTU70,Salads,2XL,7.91
935,354302701-8,nsCQFLM,Apps,XL,10.06
936,275062929-2,OmdW7Aq654,Desserts,2XL,16.75
937,959735148-X,QMlO1WMVnUC,Desserts,L,13.16
938,454380292-6,Gyb52z,Pizza,M,16.12
939,155419535-7,yMgI2luKiNc,Pizza,M,7.76
940,801011531-2,7Qkho53S,Apps,XL,16.12
941,188235433-8,j7rc80gcQ,Desserts,3XL,15.23
942,395367278-9,tIik9WiE,Apps,3XL,12.08
943,945927251-7,PTX2MsdEyLIk,Apps,L,13.39
944,368612954-X,0rranTqP,Apps,L,8.42
945,436276357-0,TtBeTlmZeoo,Pizza,3XL,5.43
946,634039763-8,HidNw6NM,Pizza,M,17.89
947,159699546-7,0PFZ8pm3PCVF,Desserts,XS,15.74
948,520536555-2,eRIh5V,Salads,XL,10.54
949,835488207-1,w1WSnmOBq,Desserts,M,10.96
950,065320307-1,PsbpEnP1,Apps,L,5.49
951,652628564-3,mXA5G5K,Pizza,3XL,15.14
952,099500081-6,9FD5QRMtj,Salads,L,17.46
953,287491198-4,m24FdItuqxH,Pizza,L,12.79
954,078420627-9,JLTjcDO,Pizza,L,15.21
955,800618199-3,oPN609Gj,Pizza,L,13.1
956,391707097-9,CtbioT,Desserts,XS,15.84
957,062847223-4,CB3TvP,Salads,3XL,14.94
958,559383092-4,3e7FetDJ7AW,Pizza,XL,12.89
959,058879020-6,RG4TOJ4B,Pizza,XL,19.18
960,853773894-8,umMJnFgdD,Apps,2XL,10.99
961,128767929-3,L3khDB4Whk8,Apps,L,17.93
962,462583349-3,HRu1v1W,Pizza,S,14.75
963,784350351-X,IxX37mb0Mxb,Pizza,M,18.02
964,674084758-4,cnMhOM,Apps,S,8.93
965,905452307-7,rRrTSr,Desserts,XS,7.23
966,861893814-9,1mFe4v9Js4o,Apps,S,12.75
967,592513704-3,mvaP5Lrg,Desserts,M,16.81
968,372991543-6,nYDjyCPI,Pizza,L,17.26
969,923309573-8,wj9a3CYhvrwX,Apps,M,12.42
970,136344030-6,WLJmprwm,Apps,2XL,8.68
971,020050595-5,rKhR3TnUOoT3,Apps,M,5.81
972,103688085-0,SFBBBMctb,Pizza,3XL,16.19
973,361724751-2,0s6US5Trit,Desserts,XS,9.35
974,781742830-1,NndNon9VnNW,Pizza,2XL,16.85
975,290584661-5,4wTA8joAiXs3,Pizza,M,18.28
976,347050210-2,aTFTQDrC8,Desserts,S,6.88
977,575413120-8,5sjpqKUOk,Desserts,XL,10.84
978,285746113-5,SUwQS7zH,Pizza,L,17.59
979,487640253-1,2bmkD3kb2Fo,Pizza,2XL,9.58
980,356890528-0,QSFNvHv2IC8Z,Pizza,L,8.32
981,888688404-4,78WFcwj7tVbn,Desserts,S,18.74
982,534484993-1,6gWkXCzyJsr5,Desserts,XL,18.32
983,433058858-7,iV6jM934L,Apps,3XL,6.87
984,991755190-5,zJQM34vnYf,Salads,3XL,7.8
985,580490591-0,9dgJSzb5nIq,Pizza,L,6.57
986,989912317-X,Y32iVtjvM,Desserts,2XL,18.94
987,770568063-7,dNwbRYzJ,Apps,XL,11.49
988,705701898-3,234FMk,Salads,XS,16.84
989,479382007-7,pe9GkQm,Pizza,M,17.14
990,772379115-1,VydxwKxdB,Apps,2XL,19.69
991,735509314-2,rw2go5owZnQb,Apps,XL,14.55
992,587357264-X,PHr3P9,Pizza,L,16.88
993,766436829-4,2oG1wDWuppx7,Apps,2XL,14.75
994,628871032-6,DwkePo9dIutA,Apps,L,9.4
995,554632806-1,f3xFRJQIP9yz,Pizza,M,6.69
996,077624087-0,Fqi4lh,Pizza,3XL,5.47
997,527525401-6,OR0bII7Rq9,Apps,2XL,13.26
998,665411209-1,NZpZEw,Salads,3XL,7.04
999,882033490-9,mwgwI2,Salads,XS,10.21
1000,106853159-2,KP8EjjCld,Salads,L,5.22
